,Date,Open,High,Low,Close,Adj Close,Volume
0,"Feb 24, 2023",168.64,170.72,167.66,170.39,170.39,"19,763,800"
1,"Feb 23, 2023",172.00,173.69,169.38,172.04,172.04,"20,017,800"
2,"Feb 22, 2023",171.07,172.76,169.69,171.12,171.12,"22,433,200"
3,"Feb 21, 2023",174.31,178.17,171.88,172.08,172.08,"34,592,600"
4,"Feb 17, 2023",170.22,173.18,169.70,172.88,172.88,"22,191,900"
5,"Feb 16, 2023",172.75,175.85,171.79,172.44,172.44,"25,827,500"
6,"Feb 15, 2023",176.42,178.19,175.33,177.16,177.16,"25,338,000"
7,"Feb 14, 2023",177.16,181.51,175.88,179.48,179.48,"24,034,600"
8,"Feb 13, 2023",178.22,181.00,175.82,179.43,179.43,"31,463,200"
9,"Feb 10, 2023",176.35,178.89,173.35,174.15,174.15,"33,413,200"
10,"Feb 09, 2023",186.13,186.65,177.27,177.92,177.92,"37,118,800"
11,"Feb 08, 2023",190.00,190.83,182.92,183.43,183.43,"36,139,100"
12,"Feb 07, 2023",185.58,193.78,184.40,191.62,191.62,"47,080,700"
13,"Feb 06, 2023",186.53,190.70,185.52,186.06,186.06,"42,483,800"
14,"Feb 03, 2023",183.47,196.77,182.89,186.53,186.53,"76,733,100"
15,"Feb 02, 2023",183.38,197.16,180.16,188.77,188.77,"150,475,700"
16,"Feb 01, 2023",148.03,153.58,147.06,153.12,153.12,"55,661,000"
17,"Jan 31, 2023",147.95,149.88,147.52,148.97,148.97,"29,842,100"
18,"Jan 30, 2023",149.41,151.12,146.95,147.06,147.06,"28,040,100"
19,"Jan 27, 2023",148.24,153.19,147.39,151.74,151.74,"35,746,900"
20,"Jan 26, 2023",144.40,147.51,143.30,147.30,147.30,"25,482,100"
21,"Jan 25, 2023",141.22,143.17,140.31,141.50,141.50,"26,622,000"
22,"Jan 24, 2023",141.69,145.00,141.36,143.14,143.14,"21,970,200"
23,"Jan 23, 2023",139.29,143.76,138.66,143.27,143.27,"27,470,100"
24,"Jan 20, 2023",135.89,139.94,134.61,139.37,139.37,"28,643,100"
25,"Jan 19, 2023",132.49,137.45,132.14,136.15,136.15,"28,625,200"
26,"Jan 18, 2023",135.81,137.25,132.80,133.02,133.02,"20,215,500"
27,"Jan 17, 2023",136.18,136.75,134.25,135.36,135.36,"21,147,600"
28,"Jan 13, 2023",134.97,137.39,134.84,136.98,136.98,"22,410,700"
29,"Jan 12, 2023",133.44,137.68,131.76,136.71,136.71,"30,757,700"
30,"Jan 11, 2023",130.96,133.85,130.34,132.89,132.89,"25,423,000"
31,"Jan 10, 2023",127.27,133.44,127.15,132.99,132.99,"28,684,400"
32,"Jan 09, 2023",131.16,132.95,129.28,129.47,129.47,"26,649,100"
33,"Jan 06, 2023",128.97,130.33,126.04,130.02,130.02,"27,567,600"
34,"Jan 05, 2023",126.13,128.52,124.54,126.94,126.94,"25,447,100"
35,"Jan 04, 2023",127.38,129.05,125.85,127.37,127.37,"32,397,100"
36,"Jan 03, 2023",122.82,126.37,122.28,124.74,124.74,"35,528,500"
37,"Dec 30, 2022",118.16,120.42,117.74,120.34,120.34,"19,492,100"
38,"Dec 29, 2022",116.40,121.03,115.77,120.26,120.26,"22,366,200"
39,"Dec 28, 2022",116.25,118.15,115.51,115.62,115.62,"19,612,500"
40,"Dec 27, 2022",117.93,118.60,116.05,116.88,116.88,"21,392,300"
41,"Dec 23, 2022",116.03,118.18,115.54,118.04,118.04,"17,796,600"
42,"Dec 22, 2022",117.20,118.62,114.38,117.12,117.12,"23,618,100"
43,"Dec 21, 2022",116.70,120.34,115.62,119.76,119.76,"20,392,800"
44,"Dec 20, 2022",113.26,117.33,112.46,117.09,117.09,"28,742,500"
45,"Dec 19, 2022",116.83,117.80,114.33,114.48,114.48,"29,769,900"
46,"Dec 16, 2022",120.23,123.31,118.82,119.43,119.43,"67,064,000"
47,"Dec 15, 2022",118.33,118.63,114.01,116.15,116.15,"34,531,000"
48,"Dec 14, 2022",119.39,124.14,119.39,121.59,121.59,"36,922,000"
49,"Dec 13, 2022",122.13,123.30,118.64,120.15,120.15,"44,701,100"
50,"Dec 12, 2022",115.18,115.72,113.14,114.71,114.71,"24,747,100"
51,"Dec 09, 2022",115.30,117.54,113.87,115.90,115.90,"26,033,400"
52,"Dec 08, 2022",116.39,117.34,114.59,115.33,115.33,"30,619,400"
53,"Dec 07, 2022",113.76,115.88,112.88,113.93,113.93,"29,461,100"
54,"Dec 06, 2022",119.91,120.55,113.74,114.12,114.12,"43,689,200"
55,"Dec 05, 2022",121.75,124.67,121.35,122.43,122.43,"35,474,900"
56,"Dec 02, 2022",117.83,124.04,117.61,123.49,123.49,"39,950,500"
57,"Dec 01, 2022",119.20,121.20,118.40,120.44,120.44,"36,551,400"
58,"Nov 30, 2022",109.51,118.16,109.38,118.10,118.10,"43,348,600"
59,"Nov 29, 2022",109.54,110.94,108.54,109.46,109.46,"23,899,200"
60,"Nov 28, 2022",110.78,112.04,108.38,108.78,108.78,"23,309,400"
61,"Nov 25, 2022",111.30,112.73,111.02,111.41,111.41,"12,007,600"
62,"Nov 23, 2022",111.72,112.67,110.73,112.24,112.24,"21,343,100"
63,"Nov 22, 2022",109.86,111.62,108.32,111.44,111.44,"29,029,000"
64,"Nov 21, 2022",111.52,112.37,109.19,109.86,109.86,"24,351,100"
65,"Nov 18, 2022",113.80,114.32,110.62,112.05,112.05,"33,357,700"
66,"Nov 17, 2022",110.41,112.33,109.80,111.45,111.45,"35,093,800"
67,"Nov 16, 2022",114.50,116.08,112.66,113.23,113.23,"33,287,800"
68,"Nov 15, 2022",116.07,118.74,114.41,117.08,117.08,"50,670,500"
69,"Nov 14, 2022",110.99,116.27,110.80,114.22,114.22,"53,395,000"
70,"Nov 11, 2022",109.23,114.90,108.81,113.02,113.02,"59,961,700"
71,"Nov 10, 2022",107.12,112.75,104.61,111.87,111.87,"80,671,000"
72,"Nov 09, 2022",101.72,104.90,100.74,101.47,101.47,"107,677,300"
73,"Nov 08, 2022",95.92,97.80,94.79,96.47,96.47,"52,088,300"
74,"Nov 07, 2022",94.78,96.88,93.10,96.72,96.72,"81,987,300"
75,"Nov 04, 2022",90.35,91.39,88.09,90.79,90.79,"55,638,100"
76,"Nov 03, 2022",90.08,90.46,88.41,88.91,88.91,"60,664,000"
77,"Nov 02, 2022",94.21,95.20,90.48,90.54,90.54,"71,821,100"
78,"Nov 01, 2022",94.33,97.49,93.55,95.20,95.20,"110,189,600"
79,"Oct 31, 2022",98.22,99.32,92.60,93.16,93.16,"121,361,400"
80,"Oct 28, 2022",99.58,100.85,97.51,99.20,99.20,"95,928,300"
81,"Oct 27, 2022",97.98,102.50,96.38,97.94,97.94,"232,316,600"
82,"Oct 26, 2022",131.68,135.55,128.53,129.82,129.82,"82,791,500"
83,"Oct 25, 2022",130.88,138.35,130.59,137.51,137.51,"38,433,200"
84,"Oct 24, 2022",127.25,133.48,124.57,129.72,129.72,"63,563,400"
85,"Oct 21, 2022",126.31,130.12,125.44,130.01,130.01,"46,348,600"
86,"Oct 20, 2022",132.93,136.77,131.31,131.53,131.53,"26,356,300"
87,"Oct 19, 2022",132.89,137.00,132.22,133.23,133.23,"30,691,000"
88,"Oct 18, 2022",137.09,137.84,131.40,132.80,132.80,"25,445,000"
89,"Oct 17, 2022",130.30,134.79,130.18,134.04,134.04,"29,612,200"
90,"Oct 14, 2022",131.00,131.79,126.52,126.76,126.76,"23,559,400"
91,"Oct 13, 2022",123.53,131.14,122.53,130.29,130.29,"34,325,700"
92,"Oct 12, 2022",128.32,129.67,126.25,127.50,127.50,"34,605,200"
93,"Oct 11, 2022",131.62,132.66,126.99,128.54,128.54,"38,481,400"
94,"Oct 10, 2022",133.55,136.11,131.87,133.79,133.79,"24,024,000"
95,"Oct 07, 2022",136.76,138.29,132.44,133.45,133.45,"33,214,800"
96,"Oct 06, 2022",137.72,141.45,136.60,139.07,139.07,"36,231,100"
97,"Oct 05, 2022",138.24,140.21,134.78,138.98,138.98,"27,979,300"
98,"Oct 04, 2022",140.49,142.39,139.34,140.28,140.28,"34,670,700"
99,"Oct 03, 2022",137.14,139.62,136.10,138.61,138.61,"27,723,100"
100,"Sep 30, 2022",136.05,140.99,135.50,135.68,135.68,"33,166,400"
101,"Sep 29, 2022",139.36,139.84,135.20,136.41,136.41,"38,985,400"
102,"Sep 28, 2022",134.62,142.03,134.27,141.61,141.61,"32,658,500"
103,"Sep 27, 2022",137.92,139.42,134.12,134.40,134.40,"30,826,500"
104,"Sep 26, 2022",140.12,142.24,136.19,136.37,136.37,"30,497,000"
105,"Sep 23, 2022",141.42,142.62,138.89,140.41,140.41,"31,710,700"
106,"Sep 22, 2022",141.55,144.58,140.87,142.82,142.82,"34,418,500"
107,"Sep 21, 2022",146.39,149.60,142.00,142.12,142.12,"38,338,600"
108,"Sep 20, 2022",145.78,148.84,145.22,146.09,146.09,"23,217,400"
109,"Sep 19, 2022",145.24,148.58,145.10,148.02,148.02,"22,169,500"
110,"Sep 16, 2022",148.05,148.58,144.29,146.29,146.29,"40,122,800"
111,"Sep 15, 2022",149.80,154.20,148.70,149.55,149.55,"34,606,300"
112,"Sep 14, 2022",153.33,153.54,149.05,151.47,151.47,"43,064,200"
113,"Sep 13, 2022",161.54,161.63,152.67,153.13,153.13,"44,444,100"
114,"Sep 12, 2022",167.39,171.39,167.28,168.96,168.96,"23,220,400"
115,"Sep 09, 2022",163.25,169.54,163.02,169.15,169.15,"22,086,800"
116,"Sep 08, 2022",158.71,162.23,157.74,162.06,162.06,"22,530,800"
117,"Sep 07, 2022",157.76,160.96,156.81,160.39,160.39,"16,831,200"
118,"Sep 06, 2022",160.10,161.69,157.69,158.54,158.54,"19,339,800"
119,"Sep 02, 2022",167.45,167.93,159.22,160.32,160.32,"22,634,200"
120,"Sep 01, 2022",163.58,167.36,160.35,165.36,165.36,"30,145,700"
121,"Aug 31, 2022",167.07,167.84,162.14,162.93,162.93,"40,953,000"
122,"Aug 30, 2022",160.35,161.66,155.91,157.16,157.16,"19,567,900"
123,"Aug 29, 2022",160.66,163.05,159.01,159.17,159.17,"20,052,700"
124,"Aug 26, 2022",168.48,170.92,161.67,161.78,161.78,"24,023,600"
125,"Aug 25, 2022",165.18,168.88,164.02,168.78,168.78,"15,550,500"
126,"Aug 24, 2022",160.60,165.46,159.77,163.26,163.26,"20,891,500"
127,"Aug 23, 2022",162.48,165.05,160.70,161.11,161.11,"18,111,800"
128,"Aug 22, 2022",165.49,165.49,162.26,163.05,163.05,"19,499,700"
129,"Aug 19, 2022",170.20,172.32,167.05,167.96,167.96,"26,240,800"
130,"Aug 18, 2022",174.34,175.76,171.86,174.66,174.66,"18,844,500"
131,"Aug 17, 2022",176.76,178.14,174.17,174.85,174.85,"20,118,100"
132,"Aug 16, 2022",179.44,180.99,177.04,179.47,179.47,"21,156,700"
133,"Aug 15, 2022",178.96,181.44,178.20,180.89,180.89,"15,878,700"
134,"Aug 12, 2022",180.81,181.46,178.91,180.50,180.50,"21,274,000"
135,"Aug 11, 2022",179.71,183.10,176.37,177.49,177.49,"24,079,100"
136,"Aug 10, 2022",175.99,180.48,173.95,178.34,178.34,"30,262,100"
137,"Aug 09, 2022",168.95,169.53,166.60,168.53,168.53,"18,655,100"
138,"Aug 08, 2022",168.00,177.51,167.13,170.25,170.25,"27,299,100"
139,"Aug 05, 2022",166.99,171.61,165.80,167.11,167.11,"25,832,700"
140,"Aug 04, 2022",168.30,172.15,166.80,170.57,170.57,"23,938,200"
141,"Aug 03, 2022",162.69,169.54,161.57,168.80,168.80,"31,721,900"
142,"Aug 02, 2022",158.31,162.24,158.01,160.19,160.19,"27,374,500"
143,"Aug 01, 2022",157.25,165.19,155.23,159.93,159.93,"40,596,700"
144,"Jul 29, 2022",157.69,160.14,155.17,159.10,159.10,"42,065,400"
145,"Jul 28, 2022",161.06,161.51,154.85,160.72,160.72,"73,214,300"
146,"Jul 27, 2022",162.59,170.87,162.02,169.58,169.58,"43,846,600"
147,"Jul 26, 2022",165.94,166.00,157.95,159.15,159.15,"28,468,400"
148,"Jul 25, 2022",169.00,170.57,164.81,166.65,166.65,"26,166,300"
149,"Jul 22, 2022",173.07,175.60,168.41,169.27,169.27,"42,583,900"
150,"Jul 21, 2022",180.63,183.85,178.87,183.17,183.17,"27,195,800"
151,"Jul 20, 2022",177.49,183.60,176.70,183.09,183.09,"24,784,300"
152,"Jul 19, 2022",170.37,176.49,169.51,175.78,175.78,"25,933,700"
153,"Jul 18, 2022",166.75,171.69,165.64,167.23,167.23,"23,574,300"
154,"Jul 15, 2022",160.54,164.98,159.82,164.70,164.70,"23,342,800"
155,"Jul 14, 2022",161.22,162.59,157.28,158.05,158.05,"23,765,200"
156,"Jul 13, 2022",160.16,164.98,159.61,163.49,163.49,"16,555,100"
157,"Jul 12, 2022",164.80,165.91,162.10,163.27,163.27,"16,639,700"
158,"Jul 11, 2022",167.07,167.49,161.91,162.88,162.88,"21,885,600"
159,"Jul 08, 2022",169.98,172.40,168.15,170.88,170.88,"19,249,200"
160,"Jul 07, 2022",169.45,172.72,167.78,172.19,172.19,"24,083,400"
161,"Jul 06, 2022",168.20,171.59,165.46,169.77,169.77,"23,085,900"
162,"Jul 05, 2022",158.14,168.25,157.02,168.19,168.19,"28,618,600"
163,"Jul 01, 2022",160.31,160.62,155.00,160.03,160.03,"31,423,900"
164,"Jun 30, 2022",162.15,165.23,158.49,161.25,161.25,"35,250,600"
165,"Jun 29, 2022",163.57,166.33,160.32,163.94,163.94,"28,595,200"
166,"Jun 28, 2022",169.90,171.30,160.61,160.68,160.68,"27,744,500"
167,"Jun 27, 2022",171.32,171.75,168.01,169.49,169.49,"29,174,600"
168,"Jun 24, 2022",161.73,170.25,161.30,170.16,170.16,"68,736,000"
169,"Jun 23, 2022",156.27,159.75,154.25,158.75,158.75,"40,499,200"
170,"Jun 22, 2022",158.38,160.79,155.44,155.85,155.85,"47,267,800"
171,"Jun 21, 2022",165.93,167.76,155.97,157.05,157.05,"50,724,900"
172,"Jun 17, 2022",161.68,165.90,159.90,163.74,163.74,"31,374,200"
173,"Jun 16, 2022",163.72,165.08,159.61,160.87,160.87,"26,944,100"
174,"Jun 15, 2022",167.20,172.16,163.98,169.35,169.35,"30,008,300"
175,"Jun 14, 2022",166.03,166.75,161.36,163.73,163.73,"27,244,300"
176,"Jun 13, 2022",170.59,172.58,164.03,164.26,164.26,"31,749,300"
177,"Jun 10, 2022",183.04,183.10,175.02,175.57,175.57,"27,450,800"
178,"Jun 09, 2022",194.28,199.45,183.68,184.00,184.00,"23,501,600"
179,"Jun 08, 2022",194.67,202.03,194.41,196.64,196.64,"22,267,200"
180,"Jun 07, 2022",191.93,196.53,191.49,195.65,195.65,"18,828,700"
181,"Jun 06, 2022",193.99,196.92,188.40,194.25,194.25,"30,574,200"
182,"Jun 03, 2022",195.98,196.61,189.78,190.78,190.78,"19,465,000"
183,"Jun 02, 2022",188.45,200.94,187.73,198.86,198.86,"31,951,600"
184,"Jun 01, 2022",196.51,199.53,185.00,188.64,188.64,"36,623,500"
185,"May 31, 2022",194.89,197.60,192.01,193.64,193.64,"26,131,100"
186,"May 27, 2022",191.36,195.33,189.80,195.13,195.13,"22,562,700"
187,"May 26, 2022",182.88,192.83,182.26,191.63,191.63,"23,056,500"
188,"May 25, 2022",180.40,185.45,179.32,183.83,183.83,"28,030,200"
189,"May 24, 2022",180.55,183.68,176.11,181.28,181.28,"50,406,300"
190,"May 23, 2022",195.19,196.99,191.24,196.23,196.23,"25,059,200"
191,"May 20, 2022",194.97,197.91,187.87,193.54,193.54,"31,465,600"
192,"May 19, 2022",191.20,195.29,189.60,191.29,191.29,"24,446,900"
193,"May 18, 2022",200.00,201.00,191.63,192.24,192.24,"23,960,000"
194,"May 17, 2022",202.12,205.46,198.36,202.62,202.62,"24,872,700"
195,"May 16, 2022",197.05,205.37,195.93,200.04,200.04,"27,112,600"
196,"May 13, 2022",192.58,199.89,191.28,198.62,198.62,"24,549,800"
197,"May 12, 2022",187.06,198.05,184.78,191.24,191.24,"38,262,200"
198,"May 11, 2022",196.33,200.67,188.27,188.74,188.74,"31,153,400"
199,"May 10, 2022",199.51,202.96,194.19,197.65,197.65,"34,452,500"
200,"May 09, 2022",199.84,202.57,195.58,196.21,196.21,"36,303,200"
201,"May 06, 2022",207.34,209.38,201.02,203.77,203.77,"34,747,200"
202,"May 05, 2022",218.74,220.17,206.16,208.28,208.28,"41,129,200"
203,"May 04, 2022",210.65,224.30,206.96,223.41,223.41,"41,375,900"
204,"May 03, 2022",210.45,214.90,208.09,212.03,212.03,"41,556,300"
205,"May 02, 2022",201.17,211.88,200.99,211.13,211.13,"49,915,300"
206,"Apr 29, 2022",204.46,212.48,199.90,200.47,200.47,"49,193,400"
207,"Apr 28, 2022",202.92,208.53,192.90,205.73,205.73,"100,890,600"
208,"Apr 27, 2022",174.43,181.21,169.00,174.95,174.95,"71,062,900"
209,"Apr 26, 2022",186.63,187.19,179.50,180.95,180.95,"31,747,400"
210,"Apr 25, 2022",182.73,187.18,181.66,186.99,186.99,"29,281,100"
211,"Apr 22, 2022",190.37,192.72,183.27,184.11,184.11,"36,426,800"
212,"Apr 21, 2022",201.60,202.97,185.58,188.07,188.07,"49,954,100"
213,"Apr 20, 2022",213.61,214.16,198.92,200.42,200.42,"43,036,500"
214,"Apr 19, 2022",210.52,218.43,209.00,217.31,217.31,"20,089,900"
215,"Apr 18, 2022",210.00,213.38,208.30,210.77,210.77,"16,580,800"
216,"Apr 14, 2022",214.89,214.99,210.00,210.18,210.18,"18,379,500"
217,"Apr 13, 2022",211.82,216.61,211.33,214.99,214.99,"19,231,800"
218,"Apr 12, 2022",220.24,222.03,213.13,214.14,214.14,"20,128,800"
219,"Apr 11, 2022",218.42,220.61,215.22,216.46,216.46,"20,516,600"
220,"Apr 08, 2022",222.38,225.13,220.03,222.33,222.33,"18,375,700"
221,"Apr 07, 2022",223.93,225.52,218.56,222.95,222.95,"21,037,200"
222,"Apr 06, 2022",226.91,228.99,221.41,223.30,223.30,"28,995,100"
223,"Apr 05, 2022",234.08,236.86,231.02,231.84,231.84,"29,727,200"
224,"Apr 04, 2022",225.98,234.35,225.86,233.89,233.89,"28,054,800"
225,"Apr 01, 2022",224.55,227.28,222.70,224.85,224.85,"19,544,800"
226,"Mar 31, 2022",228.45,228.49,222.26,222.36,222.36,"24,192,300"
227,"Mar 30, 2022",228.91,231.15,226.71,227.85,227.85,"25,588,000"
228,"Mar 29, 2022",226.07,230.89,225.29,229.86,229.86,"31,417,900"
229,"Mar 28, 2022",222.13,224.04,219.54,223.59,223.59,"26,224,100"
230,"Mar 25, 2022",220.51,225.50,218.89,221.82,221.82,"40,039,000"
231,"Mar 24, 2022",215.00,220.67,214.79,219.57,219.57,"31,502,300"
232,"Mar 23, 2022",213.33,216.80,212.16,213.46,213.46,"23,717,300"
233,"Mar 22, 2022",211.37,219.46,210.18,216.65,216.65,"31,998,800"
234,"Mar 21, 2022",214.50,214.71,207.63,211.49,211.49,"30,142,300"
235,"Mar 18, 2022",206.70,216.80,206.00,216.49,216.49,"52,128,000"
236,"Mar 17, 2022",201.70,208.04,201.11,207.84,207.84,"29,499,700"
237,"Mar 16, 2022",194.70,203.73,194.52,203.63,203.63,"40,640,300"
238,"Mar 15, 2022",190.80,192.28,185.91,192.03,192.03,"31,721,700"
239,"Mar 14, 2022",187.03,192.29,185.82,186.63,186.63,"31,010,500"
240,"Mar 11, 2022",192.64,193.56,186.67,187.61,187.61,"34,694,500"
241,"Mar 10, 2022",194.84,196.28,191.07,195.21,195.21,"24,853,000"
242,"Mar 09, 2022",195.74,199.10,193.92,198.50,198.50,"31,894,700"
243,"Mar 08, 2022",187.85,196.70,186.11,190.29,190.29,"37,508,100"
244,"Mar 07, 2022",200.79,200.89,187.28,187.47,187.47,"38,560,600"
245,"Mar 04, 2022",202.37,205.89,198.79,200.06,200.06,"32,130,900"
246,"Mar 03, 2022",209.02,209.08,201.42,202.97,202.97,"27,263,500"
247,"Mar 02, 2022",204.78,209.15,202.02,208.11,208.11,"29,452,100"
248,"Mar 01, 2022",209.87,211.75,202.22,203.49,203.49,"27,094,900"
249,"Feb 28, 2022",207.68,213.15,206.83,211.03,211.03,"34,239,800"
250,"Feb 25, 2022",204.94,211.32,203.18,210.48,210.48,"37,627,600"
251,"Feb 24, 2022",191.06,208.35,190.22,207.60,207.60,"49,957,200"
252,"Feb 23, 2022",204.16,206.94,198.05,198.45,198.45,"44,481,400"
253,"Feb 22, 2022",202.34,207.48,200.06,202.08,202.08,"39,852,400"
254,"Feb 18, 2022",209.39,210.75,205.18,206.16,206.16,"37,128,400"
255,"Feb 17, 2022",214.02,217.50,207.16,207.71,207.71,"38,747,500"
256,"Feb 16, 2022",212.41,217.46,212.36,216.54,216.54,"45,817,500"
257,"Feb 15, 2022",220.47,221.15,215.06,221.00,221.00,"42,685,500"
258,"Feb 14, 2022",219.31,221.00,214.78,217.70,217.70,"38,184,000"
259,"Feb 11, 2022",228.46,230.42,218.77,219.55,219.55,"46,156,900"
260,"Feb 10, 2022",228.27,235.00,226.70,228.07,228.07,"49,310,400"
261,"Feb 09, 2022",224.20,233.37,222.21,232.00,232.00,"86,563,300"
262,"Feb 08, 2022",220.85,225.77,216.15,220.18,220.18,"94,729,700"
263,"Feb 07, 2022",237.70,238.30,224.01,224.91,224.91,"88,613,800"
264,"Feb 04, 2022",234.97,242.61,230.11,237.09,237.09,"89,342,200"
265,"Feb 03, 2022",244.65,248.00,235.75,237.76,237.76,"188,119,900"
266,"Feb 02, 2022",327.82,328.00,316.87,323.00,323.00,"58,458,300"
267,"Feb 01, 2022",314.56,319.66,312.12,319.00,319.00,"18,023,800"
268,"Jan 31, 2022",300.68,313.79,299.32,313.26,313.26,"21,579,500"
269,"Jan 28, 2022",295.62,301.90,293.03,301.71,301.71,"21,871,600"
270,"Jan 27, 2022",297.75,301.71,294.26,294.64,294.64,"21,629,900"
271,"Jan 26, 2022",307.01,307.51,290.85,294.63,294.63,"28,348,800"
272,"Jan 25, 2022",299.95,306.23,297.58,300.15,300.15,"25,108,500"
273,"Jan 24, 2022",297.84,309.53,289.01,308.71,308.71,"38,878,100"
274,"Jan 21, 2022",314.81,318.31,303.04,303.17,303.17,"28,710,700"
275,"Jan 20, 2022",323.90,327.82,315.98,316.56,316.56,"16,925,000"
276,"Jan 19, 2022",319.58,327.10,319.33,319.59,319.59,"20,814,700"
277,"Jan 18, 2022",323.29,324.21,317.64,318.15,318.15,"22,645,600"
278,"Jan 14, 2022",321.79,332.73,321.21,331.90,331.90,"16,868,500"
279,"Jan 13, 2022",334.98,335.63,325.76,326.48,326.48,"14,797,100"
280,"Jan 12, 2022",335.18,336.37,330.03,333.26,333.26,"14,104,900"
281,"Jan 11, 2022",326.78,334.63,325.28,334.37,334.37,"16,226,800"
282,"Jan 10, 2022",325.31,328.34,315.43,328.07,328.07,"24,942,400"
283,"Jan 07, 2022",332.74,337.00,328.88,331.79,331.79,"14,722,000"
284,"Jan 06, 2022",322.82,339.17,322.72,332.46,332.46,"27,962,800"
285,"Jan 05, 2022",333.02,335.76,323.84,324.17,324.17,"20,564,500"
286,"Jan 04, 2022",339.95,343.09,331.87,336.53,336.53,"15,998,000"
287,"Jan 03, 2022",338.30,341.08,337.19,338.54,338.54,"14,537,900"
288,"Dec 31, 2021",343.02,343.44,336.27,336.35,336.35,"12,870,500"
289,"Dec 30, 2021",344.00,347.23,343.22,344.36,344.36,"10,593,300"
290,"Dec 29, 2021",346.91,349.69,341.64,342.94,342.94,"10,747,000"
291,"Dec 28, 2021",346.63,352.71,345.20,346.22,346.22,"16,637,600"
292,"Dec 27, 2021",338.85,347.87,338.01,346.18,346.18,"17,795,000"
293,"Dec 23, 2021",330.10,336.67,328.36,335.24,335.24,"13,987,700"
294,"Dec 22, 2021",333.80,334.51,328.26,330.45,330.45,"16,764,600"
295,"Dec 21, 2021",326.41,336.00,323.75,334.20,334.20,"16,116,800"
296,"Dec 20, 2021",329.78,329.90,322.53,325.45,325.45,"17,901,800"
297,"Dec 17, 2021",332.80,337.11,330.75,333.79,333.79,"40,012,600"
298,"Dec 16, 2021",338.98,344.46,333.74,334.90,334.90,"22,635,000"
299,"Dec 15, 2021",332.49,342.11,323.98,341.66,341.66,"24,681,300"
300,"Dec 14, 2021",328.05,335.70,327.65,333.74,333.74,"20,461,000"
301,"Dec 13, 2021",330.95,341.09,329.59,334.49,334.49,"22,948,700"
302,"Dec 10, 2021",332.56,335.03,326.37,329.75,329.75,"14,528,000"
303,"Dec 09, 2021",329.54,336.13,328.00,329.82,329.82,"16,879,200"
304,"Dec 08, 2021",325.00,332.75,323.07,330.56,330.56,"19,937,700"
305,"Dec 07, 2021",321.57,326.54,321.00,322.81,322.81,"18,794,000"
306,"Dec 06, 2021",308.13,320.10,306.34,317.87,317.87,"21,758,300"
307,"Dec 03, 2021",313.73,313.75,299.50,306.84,306.84,"27,471,000"
308,"Dec 02, 2021",311.40,314.60,307.20,310.39,310.39,"24,396,200"
309,"Dec 01, 2021",330.29,330.50,310.29,310.60,310.60,"30,329,600"
310,"Nov 30, 2021",335.00,335.81,323.43,324.46,324.46,"25,390,000"
311,"Nov 29, 2021",336.89,340.67,335.31,338.03,338.03,"16,650,900"
312,"Nov 26, 2021",335.80,337.75,331.90,333.12,333.12,"14,750,700"
313,"Nov 24, 2021",336.00,341.78,332.81,341.06,341.06,"13,566,200"
314,"Nov 23, 2021",338.93,341.40,333.50,337.25,337.25,"17,225,000"
315,"Nov 22, 2021",349.05,353.83,340.51,341.01,341.01,"27,116,800"
316,"Nov 19, 2021",342.20,352.10,339.90,345.30,345.30,"26,488,500"
317,"Nov 18, 2021",339.72,342.46,335.30,338.69,338.69,"17,487,200"
318,"Nov 17, 2021",344.24,347.30,340.10,340.77,340.77,"13,602,800"
319,"Nov 16, 2021",343.83,346.65,340.87,342.96,342.96,"18,181,100"
320,"Nov 15, 2021",344.34,353.65,343.20,347.56,347.56,"25,076,600"
321,"Nov 12, 2021",330.18,341.86,329.78,340.89,340.89,"25,414,300"
322,"Nov 11, 2021",329.82,332.46,327.00,327.74,327.74,"12,376,600"
323,"Nov 10, 2021",332.49,333.19,325.51,327.64,327.64,"21,872,600"
324,"Nov 09, 2021",340.00,341.31,334.47,335.37,335.37,"17,556,700"
325,"Nov 08, 2021",344.42,344.79,338.34,338.62,338.62,"18,342,500"
326,"Nov 05, 2021",340.31,346.79,339.64,341.13,341.13,"26,872,800"
327,"Nov 04, 2021",334.01,337.27,332.65,335.85,335.85,"22,495,300"
328,"Nov 03, 2021",327.49,332.15,323.20,331.62,331.62,"20,786,500"
329,"Nov 02, 2021",331.38,334.79,323.80,328.08,328.08,"28,353,000"
330,"Nov 01, 2021",326.04,333.45,326.00,329.98,329.98,"31,518,900"
331,"Oct 29, 2021",320.19,326.00,319.60,323.57,323.57,"37,059,400"
332,"Oct 28, 2021",312.99,325.52,308.11,316.92,316.92,"50,806,800"
333,"Oct 27, 2021",314.19,319.25,312.06,312.22,312.22,"29,971,800"
334,"Oct 26, 2021",328.26,330.21,309.60,315.81,315.81,"65,654,000"
335,"Oct 25, 2021",320.30,329.56,319.72,328.69,328.69,"38,409,000"
336,"Oct 22, 2021",326.35,329.63,321.11,324.61,324.61,"35,224,500"
337,"Oct 21, 2021",340.28,342.31,337.80,341.88,341.88,"16,354,400"
338,"Oct 20, 2021",343.45,343.98,339.45,340.78,340.78,"13,639,500"
339,"Oct 19, 2021",339.65,342.46,337.28,339.99,339.99,"18,786,300"
340,"Oct 18, 2021",328.95,335.89,327.50,335.34,335.34,"21,585,000"
341,"Oct 15, 2021",328.68,329.07,322.51,324.76,324.76,"21,596,400"
342,"Oct 14, 2021",328.36,330.52,327.10,328.53,328.53,"14,302,200"
343,"Oct 13, 2021",326.97,327.00,322.66,324.54,324.54,"14,761,500"
344,"Oct 12, 2021",323.03,324.38,317.37,323.77,323.77,"31,658,700"
345,"Oct 11, 2021",327.63,330.46,325.31,325.45,325.45,"14,708,200"
346,"Oct 08, 2021",331.51,333.40,328.71,330.05,330.05,"15,946,100"
347,"Oct 07, 2021",337.00,338.84,328.98,329.22,329.22,"28,307,500"
348,"Oct 06, 2021",329.74,334.38,325.80,333.64,333.64,"26,443,000"
349,"Oct 05, 2021",328.58,335.18,326.16,332.96,332.96,"35,377,900"
350,"Oct 04, 2021",335.53,335.94,322.70,326.23,326.23,"42,885,000"
351,"Oct 01, 2021",341.61,345.02,338.64,343.01,343.01,"14,905,300"
352,"Sep 30, 2021",340.45,342.80,338.15,339.39,339.39,"16,547,100"
353,"Sep 29, 2021",343.15,345.23,338.88,339.61,339.61,"14,452,200"
354,"Sep 28, 2021",347.97,349.60,338.92,340.65,340.65,"21,710,300"
355,"Sep 27, 2021",349.81,355.15,347.08,353.58,353.58,"15,205,800"
356,"Sep 24, 2021",343.24,354.35,342.37,352.96,352.96,"18,801,900"
357,"Sep 23, 2021",345.36,349.67,343.00,345.96,345.96,"21,806,300"
358,"Sep 22, 2021",347.23,349.84,340.69,343.21,343.21,"43,692,900"
359,"Sep 21, 2021",358.50,360.04,355.19,357.48,357.48,"11,751,900"
360,"Sep 20, 2021",359.30,361.03,349.80,355.70,355.70,"19,822,800"
361,"Sep 17, 2021",371.41,371.41,361.59,364.72,364.72,"26,299,000"
362,"Sep 16, 2021",372.79,373.56,369.71,373.06,373.06,"11,934,200"
363,"Sep 15, 2021",377.00,377.56,367.67,373.92,373.92,"17,940,300"
364,"Sep 14, 2021",377.40,378.59,375.11,376.53,376.53,"8,711,600"
365,"Sep 13, 2021",381.68,381.75,374.35,376.51,376.51,"13,026,300"
366,"Sep 10, 2021",381.36,383.79,378.26,378.69,378.69,"11,549,600"
367,"Sep 09, 2021",377.64,379.83,376.57,378.00,378.00,"9,098,900"
368,"Sep 08, 2021",380.16,380.87,374.79,377.57,377.57,"11,067,200"
369,"Sep 07, 2021",375.88,382.96,373.15,382.18,382.18,"10,793,800"
370,"Sep 03, 2021",374.75,377.16,373.11,376.26,376.26,"7,509,600"
371,"Sep 02, 2021",381.50,381.75,374.06,375.28,375.28,"14,832,900"
372,"Sep 01, 2021",379.59,384.33,378.81,382.05,382.05,"11,567,200"
373,"Aug 31, 2021",379.95,382.76,378.80,379.38,379.38,"12,345,400"
374,"Aug 30, 2021",372.56,381.49,370.52,380.66,380.66,"13,547,300"
375,"Aug 27, 2021",365.10,373.74,364.08,372.63,372.63,"11,219,100"
376,"Aug 26, 2021",368.38,369.44,364.13,364.38,364.38,"7,888,700"
377,"Aug 25, 2021",365.60,370.86,365.40,368.39,368.39,"9,684,500"
378,"Aug 24, 2021",363.66,367.96,361.84,365.51,365.51,"9,235,100"
379,"Aug 23, 2021",359.44,365.69,359.10,363.35,363.35,"10,942,000"
380,"Aug 20, 2021",354.60,359.99,353.31,359.37,359.37,"8,697,700"
381,"Aug 19, 2021",351.35,357.57,351.00,355.12,355.12,"12,004,500"
382,"Aug 18, 2021",356.25,359.86,355.15,355.45,355.45,"10,042,400"
383,"Aug 17, 2021",362.98,364.67,355.07,358.45,358.45,"12,328,700"
384,"Aug 16, 2021",362.52,366.95,357.38,366.56,366.56,"11,222,100"
385,"Aug 13, 2021",362.97,364.66,361.48,363.18,363.18,"7,195,700"
386,"Aug 12, 2021",358.45,363.00,357.11,362.65,362.65,"7,170,700"
387,"Aug 11, 2021",362.10,362.36,357.81,359.96,359.96,"8,400,300"
388,"Aug 10, 2021",361.83,364.10,359.04,361.13,361.13,"7,469,900"
389,"Aug 09, 2021",363.76,365.78,360.75,361.61,361.61,"7,798,900"
390,"Aug 06, 2021",361.40,365.15,361.40,363.51,363.51,"8,925,000"
391,"Aug 05, 2021",359.64,363.90,356.90,362.97,362.97,"10,247,200"
392,"Aug 04, 2021",352.42,360.48,351.51,358.92,358.92,"14,180,600"
393,"Aug 03, 2021",352.73,353.77,347.70,351.24,351.24,"12,406,100"
394,"Aug 02, 2021",358.10,359.40,350.74,351.95,351.95,"13,180,400"
395,"Jul 30, 2021",354.00,360.73,352.94,356.30,356.30,"15,976,200"
396,"Jul 29, 2021",361.00,365.52,356.74,358.32,358.32,"33,413,200"
397,"Jul 28, 2021",374.56,377.55,366.93,373.28,373.28,"29,676,900"
398,"Jul 27, 2021",371.91,373.15,364.55,367.81,367.81,"15,705,400"
399,"Jul 26, 2021",369.58,374.44,368.22,372.46,372.46,"14,925,200"
400,"Jul 23, 2021",360.91,375.33,357.19,369.79,369.79,"33,694,300"
401,"Jul 22, 2021",346.68,351.54,345.21,351.19,351.19,"12,385,400"
402,"Jul 21, 2021",341.50,346.52,341.25,346.23,346.23,"9,279,700"
403,"Jul 20, 2021",338.80,343.45,334.50,341.66,341.66,"11,024,300"
404,"Jul 19, 2021",337.57,339.79,334.54,336.95,336.95,"14,372,300"
405,"Jul 16, 2021",344.91,345.99,340.14,341.16,341.16,"11,026,100"
406,"Jul 15, 2021",349.23,349.23,340.22,344.46,344.46,"14,781,600"
407,"Jul 14, 2021",354.56,355.20,346.73,347.63,347.63,"13,894,200"
408,"Jul 13, 2021",351.50,358.49,348.80,352.09,352.09,"11,456,000"
409,"Jul 12, 2021",351.23,354.19,349.64,353.16,353.16,"10,018,600"
410,"Jul 09, 2021",345.32,350.71,345.27,350.42,350.42,"13,018,700"
411,"Jul 08, 2021",345.73,348.33,342.56,345.65,345.65,"14,406,500"
412,"Jul 07, 2021",355.26,356.49,350.00,350.49,350.49,"14,218,900"
413,"Jul 06, 2021",356.50,358.79,349.18,352.78,352.78,"13,488,500"
414,"Jul 02, 2021",355.10,356.44,352.62,354.70,354.70,"11,521,300"
415,"Jul 01, 2021",346.82,354.67,346.50,354.39,354.39,"17,137,000"
416,"Jun 30, 2021",352.17,352.92,347.17,347.71,347.71,"15,107,500"
417,"Jun 29, 2021",356.27,356.74,349.05,351.89,351.89,"21,417,300"
418,"Jun 28, 2021",342.46,358.14,341.77,355.64,355.64,"29,156,100"
419,"Jun 25, 2021",342.59,344.12,339.68,341.37,341.37,"14,594,400"
420,"Jun 24, 2021",341.85,344.90,341.79,343.18,343.18,"12,329,100"
421,"Jun 23, 2021",339.35,343.42,338.20,340.59,340.59,"14,817,800"
422,"Jun 22, 2021",332.69,339.92,332.60,339.03,339.03,"15,345,300"
423,"Jun 21, 2021",331.09,332.92,327.65,332.29,332.29,"11,337,500"
424,"Jun 18, 2021",334.53,336.15,329.00,329.66,329.66,"23,039,500"
425,"Jun 17, 2021",330.49,337.98,330.15,336.51,336.51,"17,794,100"
426,"Jun 16, 2021",336.70,337.55,328.72,331.08,331.08,"17,232,200"
427,"Jun 15, 2021",336.99,339.92,335.03,336.75,336.75,"15,795,200"
428,"Jun 14, 2021",331.90,336.82,329.81,336.77,336.77,"12,250,800"
429,"Jun 11, 2021",332.58,332.83,328.93,331.26,331.26,"13,587,900"
430,"Jun 10, 2021",330.79,333.94,328.55,332.46,332.46,"13,240,200"
431,"Jun 09, 2021",335.74,336.80,330.00,330.25,330.25,"13,727,900"
432,"Jun 08, 2021",336.70,338.30,332.24,333.68,333.68,"14,580,500"
433,"Jun 07, 2021",329.48,337.69,328.93,336.58,336.58,"20,136,700"
434,"Jun 04, 2021",325.90,332.46,325.18,330.35,330.35,"13,289,400"
435,"Jun 03, 2021",325.78,327.38,323.48,326.04,326.04,"12,610,800"
436,"Jun 02, 2021",330.38,331.87,327.12,329.15,329.15,"11,654,300"
437,"Jun 01, 2021",330.15,331.42,326.64,329.13,329.13,"11,765,900"
438,"May 28, 2021",331.00,332.87,328.33,328.73,328.73,"12,037,400"
439,"May 27, 2021",328.00,333.78,326.76,332.75,332.75,"20,477,700"
440,"May 26, 2021",328.35,329.83,325.82,327.66,327.66,"9,686,900"
441,"May 25, 2021",327.08,329.18,324.80,327.79,327.79,"16,437,000"
442,"May 24, 2021",318.21,325.95,318.03,324.63,324.63,"16,445,400"
443,"May 21, 2021",319.29,319.93,315.81,316.23,316.23,"13,600,900"
444,"May 20, 2021",313.58,319.25,313.16,318.61,318.61,"17,320,200"
445,"May 19, 2021",304.19,314.66,303.57,313.59,313.59,"19,106,200"
446,"May 18, 2021",315.59,316.50,309.81,309.96,309.96,"14,522,400"
447,"May 17, 2021",313.55,315.68,311.58,315.46,315.46,"15,401,300"
448,"May 14, 2021",309.54,316.85,309.08,315.94,315.94,"19,245,700"
449,"May 13, 2021",306.08,308.86,302.77,305.26,305.26,"18,079,200"
450,"May 12, 2021",301.13,304.96,298.19,302.55,302.55,"24,645,500"
451,"May 11, 2021",300.75,306.84,299.69,306.53,306.53,"18,920,100"
452,"May 10, 2021",314.35,314.58,304.83,305.97,305.97,"24,239,200"
453,"May 07, 2021",322.38,322.94,318.75,319.08,319.08,"15,916,700"
454,"May 06, 2021",314.52,320.24,313.27,320.02,320.02,"19,012,200"
455,"May 05, 2021",318.19,321.06,314.49,315.02,315.02,"15,577,600"
456,"May 04, 2021",320.02,322.19,313.12,318.36,318.36,"24,032,600"
457,"May 03, 2021",326.17,328.55,321.84,322.58,322.58,"18,719,500"
458,"Apr 30, 2021",326.14,329.82,324.50,325.08,325.08,"26,332,400"
459,"Apr 29, 2021",330.12,331.81,321.61,329.51,329.51,"56,526,800"
460,"Apr 28, 2021",307.36,310.92,305.37,307.10,307.10,"33,907,200"
461,"Apr 27, 2021",304.28,305.34,301.11,303.57,303.57,"15,309,300"
462,"Apr 26, 2021",303.34,305.80,301.56,303.04,303.04,"16,172,600"
463,"Apr 23, 2021",298.76,302.59,297.15,301.13,301.13,"17,536,800"
464,"Apr 22, 2021",301.33,302.92,296.04,296.52,296.52,"16,375,400"
465,"Apr 21, 2021",301.95,301.98,297.39,301.47,301.47,"14,863,500"
466,"Apr 20, 2021",301.99,305.10,297.21,302.65,302.65,"16,796,400"
467,"Apr 19, 2021",305.01,307.70,300.56,302.24,302.24,"14,553,500"
468,"Apr 16, 2021",308.17,308.95,304.61,306.18,306.18,"13,059,200"
469,"Apr 15, 2021",306.34,310.14,304.10,307.82,307.82,"14,558,300"
470,"Apr 14, 2021",307.30,308.03,301.95,302.82,302.82,"17,421,400"
471,"Apr 13, 2021",312.21,314.43,309.32,309.76,309.76,"14,036,900"
472,"Apr 12, 2021",311.05,312.15,307.93,311.54,311.54,"10,881,900"
473,"Apr 09, 2021",311.40,314.74,310.33,312.46,312.46,"15,988,600"
474,"Apr 08, 2021",314.85,315.88,310.05,313.02,313.02,"20,894,100"
475,"Apr 07, 2021",306.34,314.25,305.50,313.09,313.09,"22,855,200"
476,"Apr 06, 2021",308.84,311.35,305.25,306.26,306.26,"17,335,200"
477,"Apr 05, 2021",300.89,310.77,300.68,308.91,308.91,"28,237,000"
478,"Apr 01, 2021",298.40,302.40,296.60,298.66,298.66,"17,616,000"
479,"Mar 31, 2021",289.99,296.50,288.61,294.53,294.53,"19,498,200"
480,"Mar 30, 2021",289.83,292.47,286.70,288.00,288.00,"17,474,500"
481,"Mar 29, 2021",285.77,293.18,284.70,290.82,290.82,"21,718,800"
482,"Mar 26, 2021",278.30,284.50,277.77,283.02,283.02,"17,629,200"
483,"Mar 25, 2021",280.98,288.06,277.75,278.74,278.74,"24,505,600"
484,"Mar 24, 2021",291.00,291.72,281.16,282.14,282.14,"18,675,000"
485,"Mar 23, 2021",293.15,298.00,289.81,290.63,290.63,"23,000,900"
486,"Mar 22, 2021",290.45,299.71,286.75,293.54,293.54,"28,273,100"
487,"Mar 19, 2021",281.22,292.80,281.20,290.11,290.11,"38,930,500"
488,"Mar 18, 2021",279.87,285.19,278.28,278.62,278.62,"18,728,300"
489,"Mar 17, 2021",275.71,286.23,275.41,284.01,284.01,"21,315,000"
490,"Mar 16, 2021",276.08,282.14,274.80,279.28,279.28,"22,437,700"
491,"Mar 15, 2021",269.08,275.96,268.50,273.75,273.75,"16,844,800"
492,"Mar 12, 2021",269.14,269.74,264.02,268.40,268.40,"20,600,200"
493,"Mar 11, 2021",268.11,277.90,267.82,273.88,273.88,"21,834,000"
494,"Mar 10, 2021",268.64,268.97,262.87,264.90,264.90,"14,210,300"
495,"Mar 09, 2021",261.18,268.53,259.81,265.74,265.74,"22,039,700"
496,"Mar 08, 2021",265.55,265.58,255.05,255.31,255.31,"18,391,800"
497,"Mar 05, 2021",260.67,265.45,255.61,264.28,264.28,"26,820,100"
498,"Mar 04, 2021",256.47,266.49,253.50,257.64,257.64,"31,626,500"
499,"Mar 03, 2021",260.29,260.99,255.10,255.41,255.41,"15,513,500"
500,"Mar 02, 2021",265.78,266.71,258.65,259.00,259.00,"15,191,700"
501,"Mar 01, 2021",260.82,266.65,257.90,264.91,264.91,"22,157,300"
502,"Feb 26, 2021",256.47,265.55,256.47,257.62,257.62,"26,619,500"
503,"Feb 25, 2021",262.30,266.94,254.04,254.69,254.69,"19,053,100"
504,"Feb 24, 2021",262.33,266.38,258.39,264.31,264.31,"15,736,100"
505,"Feb 23, 2021",259.50,267.46,254.96,265.86,265.86,"21,924,600"
506,"Feb 22, 2021",257.95,263.07,257.53,260.33,260.33,"17,434,900"
507,"Feb 19, 2021",269.86,270.27,260.15,261.56,261.56,"25,622,600"
508,"Feb 18, 2021",269.57,271.95,266.03,269.39,269.39,"15,249,100"
509,"Feb 17, 2021",271.24,273.97,269.58,273.57,273.57,"12,763,200"
510,"Feb 16, 2021",270.80,276.60,270.05,273.97,273.97,"15,417,200"
511,"Feb 12, 2021",270.52,271.18,268.34,270.50,270.50,"9,097,600"
512,"Feb 11, 2021",271.89,273.58,268.49,270.39,270.39,"12,828,600"
513,"Feb 10, 2021",272.45,273.80,267.72,271.87,271.87,"14,687,200"
514,"Feb 09, 2021",266.44,273.39,265.75,269.45,269.45,"14,613,400"
515,"Feb 08, 2021",268.75,269.86,265.00,266.58,266.58,"13,755,200"
516,"Feb 05, 2021",266.80,269.17,265.67,268.10,268.10,"12,454,400"
517,"Feb 04, 2021",267.01,268.16,264.00,266.49,266.49,"16,060,000"
518,"Feb 03, 2021",265.62,269.20,263.84,266.65,266.65,"14,223,400"
519,"Feb 02, 2021",264.00,268.85,263.27,267.08,267.08,"17,320,800"
520,"Feb 01, 2021",259.52,264.17,254.91,262.01,262.01,"22,914,300"
521,"Jan 29, 2021",265.30,266.56,254.85,258.33,258.33,"30,389,500"
522,"Jan 28, 2021",277.18,286.79,264.70,265.00,265.00,"37,758,800"
523,"Jan 27, 2021",282.53,283.45,268.12,272.14,272.14,"35,346,200"
524,"Jan 26, 2021",278.14,285.39,277.81,282.05,282.05,"19,373,600"
525,"Jan 25, 2021",278.14,280.10,271.51,278.01,278.01,"19,087,000"
526,"Jan 22, 2021",272.01,278.47,272.00,274.50,274.50,"21,954,000"
527,"Jan 21, 2021",269.26,273.60,267.49,272.87,272.87,"20,838,700"
528,"Jan 20, 2021",268.93,270.32,263.60,267.48,267.48,"25,199,900"
529,"Jan 19, 2021",256.90,262.20,252.72,261.10,261.10,"28,028,500"
530,"Jan 15, 2021",247.90,253.86,247.16,251.36,251.36,"24,942,900"
531,"Jan 14, 2021",253.40,255.03,244.61,245.64,245.64,"29,739,400"
532,"Jan 13, 2021",251.55,253.95,249.20,251.64,251.64,"19,528,900"
533,"Jan 12, 2021",256.63,259.72,250.30,251.09,251.09,"26,383,500"
534,"Jan 11, 2021",260.48,263.47,255.90,256.84,256.84,"30,412,300"
535,"Jan 08, 2021",268.31,268.95,263.18,267.57,267.57,"18,528,300"
536,"Jan 07, 2021",265.90,271.61,264.78,268.74,268.74,"15,789,800"
537,"Jan 06, 2021",262.00,267.75,260.01,263.31,263.31,"24,354,100"
538,"Jan 05, 2021",268.29,272.40,268.21,270.97,270.97,"9,871,600"
539,"Jan 04, 2021",274.78,275.00,265.20,268.94,268.94,"15,106,100"
540,"Dec 31, 2020",272.00,277.09,269.81,273.16,273.16,"12,900,400"
541,"Dec 30, 2020",277.95,278.08,271.71,271.87,271.87,"11,803,800"
542,"Dec 29, 2020",276.95,280.51,276.28,276.78,276.78,"16,383,000"
543,"Dec 28, 2020",268.74,277.30,265.66,277.00,277.00,"23,299,700"
544,"Dec 24, 2020",268.88,270.40,266.20,267.40,267.40,"6,702,000"
545,"Dec 23, 2020",266.89,272.17,266.23,268.11,268.11,"14,329,000"
546,"Dec 22, 2020",271.50,271.50,264.63,267.09,267.09,"17,312,900"
547,"Dec 21, 2020",272.98,274.67,267.79,272.79,272.79,"16,553,700"
548,"Dec 18, 2020",275.77,278.00,271.14,276.40,276.40,"26,693,200"
549,"Dec 17, 2020",277.07,280.44,273.61,274.48,274.48,"16,377,800"
550,"Dec 16, 2020",274.76,277.86,272.51,275.67,275.67,"15,885,000"
551,"Dec 15, 2020",274.83,276.08,267.47,275.55,275.55,"23,979,500"
552,"Dec 14, 2020",273.37,277.22,271.56,274.19,274.19,"16,376,900"
553,"Dec 11, 2020",274.53,276.48,270.25,273.55,273.55,"14,391,400"
554,"Dec 10, 2020",275.54,278.73,271.86,277.12,277.12,"20,065,100"
555,"Dec 09, 2020",283.66,287.63,271.75,277.92,277.92,"25,189,700"
556,"Dec 08, 2020",286.01,286.43,281.55,283.40,283.40,"10,747,700"
557,"Dec 07, 2020",279.19,288.49,278.20,285.58,285.58,"13,007,700"
558,"Dec 04, 2020",280.30,283.46,279.30,279.70,279.70,"10,880,300"
559,"Dec 03, 2020",286.25,286.65,281.07,281.85,281.85,"12,921,700"
560,"Dec 02, 2020",285.36,291.78,280.83,287.52,287.52,"17,361,600"
561,"Dec 01, 2020",279.16,289.30,278.96,286.55,286.55,"20,738,900"
562,"Nov 30, 2020",276.03,277.70,271.01,276.97,276.97,"16,693,300"
563,"Nov 27, 2020",277.39,279.13,274.82,277.81,277.81,"7,808,400"
564,"Nov 25, 2020",278.14,280.18,272.65,275.59,275.59,"12,467,000"
565,"Nov 24, 2020",268.49,277.82,267.87,276.92,276.92,"16,930,400"
566,"Nov 23, 2020",270.89,270.95,264.53,268.43,268.43,"20,990,800"
567,"Nov 20, 2020",272.56,273.00,269.41,269.70,269.70,"18,114,700"
568,"Nov 19, 2020",271.02,273.47,269.19,272.94,272.94,"12,963,700"
569,"Nov 18, 2020",274.52,277.39,271.84,271.97,271.97,"12,152,900"
570,"Nov 17, 2020",277.68,277.68,273.29,275.00,275.00,"15,040,300"
571,"Nov 16, 2020",275.05,279.41,274.63,278.96,278.96,"12,970,400"
572,"Nov 13, 2020",277.72,277.76,273.10,276.95,276.95,"10,391,200"
573,"Nov 12, 2020",277.18,279.75,274.43,275.08,275.08,"12,899,500"
574,"Nov 11, 2020",273.47,278.40,272.48,276.48,276.48,"14,957,000"
575,"Nov 10, 2020",273.10,274.00,264.00,272.43,272.43,"29,067,700"
576,"Nov 09, 2020",289.87,292.58,278.53,278.77,278.77,"25,117,700"
577,"Nov 06, 2020",293.95,294.60,288.06,293.41,293.41,"13,891,000"
578,"Nov 05, 2020",291.90,297.38,288.95,294.68,294.68,"23,823,600"
579,"Nov 04, 2020",281.00,288.94,278.62,287.38,287.38,"35,364,400"
580,"Nov 03, 2020",263.16,270.05,260.88,265.30,265.30,"17,961,900"
581,"Nov 02, 2020",264.60,270.47,257.34,261.36,261.36,"27,165,700"
582,"Oct 30, 2020",274.50,276.70,259.10,263.11,263.11,"47,247,800"
583,"Oct 29, 2020",276.55,283.60,273.78,280.83,280.83,"32,368,100"
584,"Oct 28, 2020",278.79,278.79,267.26,267.67,267.67,"23,121,800"
585,"Oct 27, 2020",278.76,284.51,276.31,283.29,283.29,"16,287,200"
586,"Oct 26, 2020",283.16,285.23,274.26,277.11,277.11,"21,322,900"
587,"Oct 23, 2020",278.80,285.24,276.82,284.79,284.79,"17,535,200"
588,"Oct 22, 2020",279.87,282.45,275.04,278.12,278.12,"16,720,000"
589,"Oct 21, 2020",279.56,283.05,276.37,278.73,278.73,"28,998,600"
590,"Oct 20, 2020",263.06,269.70,262.88,267.56,267.56,"18,763,200"
591,"Oct 19, 2020",265.53,268.55,259.88,261.40,261.40,"13,587,000"
592,"Oct 16, 2020",267.38,271.37,265.30,265.93,265.93,"16,622,700"
593,"Oct 15, 2020",267.60,269.04,263.67,266.72,266.72,"15,416,100"
594,"Oct 14, 2020",277.62,278.75,271.50,271.82,271.82,"15,577,800"
595,"Oct 13, 2020",277.58,279.10,273.39,276.14,276.14,"18,063,300"
596,"Oct 12, 2020",270.20,280.18,267.87,275.75,275.75,"31,019,300"
597,"Oct 09, 2020",264.52,264.75,262.17,264.45,264.45,"14,107,800"
598,"Oct 08, 2020",259.75,264.62,259.15,263.76,263.76,"16,312,800"
599,"Oct 07, 2020",259.21,260.18,254.82,258.12,258.12,"23,133,400"
600,"Oct 06, 2020",261.78,265.69,258.24,258.66,258.66,"18,696,900"
601,"Oct 05, 2020",262.20,264.87,260.84,264.65,264.65,"12,822,300"
602,"Oct 02, 2020",261.21,265.15,259.18,259.94,259.94,"16,367,600"
603,"Oct 01, 2020",265.35,268.33,264.80,266.63,266.63,"20,009,800"
604,"Sep 30, 2020",261.98,266.08,260.10,261.90,261.90,"20,142,500"
605,"Sep 29, 2020",257.81,263.33,256.90,261.79,261.79,"20,200,200"
606,"Sep 28, 2020",259.40,259.60,254.82,256.82,256.82,"18,826,300"
607,"Sep 25, 2020",249.40,255.75,246.61,254.82,254.82,"18,351,300"
608,"Sep 24, 2020",246.50,252.24,245.62,249.53,249.53,"20,006,800"
609,"Sep 23, 2020",255.26,257.99,248.15,249.02,249.02,"19,641,300"
610,"Sep 22, 2020",253.31,255.32,248.22,254.75,254.75,"30,293,100"
611,"Sep 21, 2020",247.54,249.95,244.13,248.15,248.15,"24,709,400"
612,"Sep 18, 2020",258.40,259.20,250.05,252.53,252.53,"28,130,800"
613,"Sep 17, 2020",258.28,261.50,250.19,254.82,254.82,"31,281,400"
614,"Sep 16, 2020",267.29,272.44,261.79,263.52,263.52,"29,183,400"
615,"Sep 15, 2020",270.67,274.52,269.30,272.42,272.42,"18,478,500"
616,"Sep 14, 2020",270.95,276.64,265.70,266.15,266.15,"24,093,800"
617,"Sep 11, 2020",270.06,271.39,262.64,266.61,266.61,"18,913,900"
618,"Sep 10, 2020",275.51,279.16,267.03,268.09,268.09,"24,814,700"
619,"Sep 09, 2020",275.77,278.48,271.35,273.72,273.72,"22,918,800"
620,"Sep 08, 2020",271.28,279.30,269.42,271.16,271.16,"24,864,000"
621,"Sep 04, 2020",287.25,289.00,271.14,282.73,282.73,"30,333,700"
622,"Sep 03, 2020",295.99,297.60,283.63,291.12,291.12,"32,294,100"
623,"Sep 02, 2020",298.88,303.60,293.05,302.50,302.50,"24,341,400"
624,"Sep 01, 2020",294.71,301.49,292.71,295.44,295.44,"17,295,900"
625,"Aug 31, 2020",293.95,296.88,291.55,293.20,293.20,"17,345,100"
626,"Aug 28, 2020",295.00,297.23,290.98,293.66,293.66,"17,157,400"
627,"Aug 27, 2020",300.16,301.23,292.02,293.22,293.22,"30,301,300"
628,"Aug 26, 2020",284.00,304.67,284.00,303.91,303.91,"69,015,200"
629,"Aug 25, 2020",272.41,283.09,270.26,280.82,280.82,"42,127,200"
630,"Aug 24, 2020",271.07,277.25,268.77,271.39,271.39,"23,685,600"
631,"Aug 21, 2020",268.69,270.49,266.42,267.01,267.01,"15,538,600"
632,"Aug 20, 2020",261.50,269.63,261.46,269.01,269.01,"20,299,700"
633,"Aug 19, 2020",261.39,267.91,261.35,262.59,262.59,"23,291,500"
634,"Aug 18, 2020",260.95,265.15,259.26,262.34,262.34,"18,690,400"
635,"Aug 17, 2020",262.50,264.10,259.40,261.16,261.16,"13,351,100"
636,"Aug 14, 2020",262.31,262.65,258.68,261.24,261.24,"14,792,700"
637,"Aug 13, 2020",261.55,265.16,259.57,261.30,261.30,"17,374,000"
638,"Aug 12, 2020",258.97,263.90,258.11,259.89,259.89,"21,415,700"
639,"Aug 11, 2020",260.19,265.92,255.13,256.13,256.13,"28,238,300"
640,"Aug 10, 2020",268.04,273.86,259.69,263.00,263.00,"30,248,800"
641,"Aug 07, 2020",264.08,278.89,263.43,268.44,268.44,"72,766,400"
642,"Aug 06, 2020",249.04,266.60,248.67,265.28,265.28,"45,241,600"
643,"Aug 05, 2020",250.19,252.27,247.77,249.12,249.12,"13,050,100"
644,"Aug 04, 2020",251.56,252.80,247.43,249.83,249.83,"17,183,500"
645,"Aug 03, 2020",252.65,255.40,250.33,251.96,251.96,"23,124,900"
646,"Jul 31, 2020",255.82,255.85,249.00,253.67,253.67,"53,005,100"
647,"Jul 30, 2020",230.22,234.89,229.00,234.50,234.50,"20,615,300"
648,"Jul 29, 2020",231.14,233.70,230.31,233.29,233.29,"13,588,300"
649,"Jul 28, 2020",234.63,234.96,229.83,230.12,230.12,"14,170,100"
650,"Jul 27, 2020",231.46,234.95,230.83,233.50,233.50,"13,163,100"
651,"Jul 24, 2020",230.19,233.49,226.90,230.71,230.71,"18,325,800"
652,"Jul 23, 2020",239.63,242.42,231.75,232.60,232.60,"21,771,800"
653,"Jul 22, 2020",240.26,241.90,238.12,239.87,239.87,"15,427,900"
654,"Jul 21, 2020",246.22,246.91,240.08,241.75,241.75,"19,364,200"
655,"Jul 20, 2020",240.06,246.05,235.64,245.42,245.42,"20,872,200"
656,"Jul 17, 2020",241.00,244.16,237.86,242.03,242.03,"18,152,400"
657,"Jul 16, 2020",238.00,241.76,236.33,240.93,240.93,"18,880,700"
658,"Jul 15, 2020",241.55,244.82,238.05,240.28,240.28,"19,133,600"
659,"Jul 14, 2020",236.76,240.33,232.03,239.73,239.73,"23,378,100"
660,"Jul 13, 2020",247.01,250.15,238.42,239.00,239.00,"24,674,900"
661,"Jul 10, 2020",243.69,245.49,239.32,245.07,245.07,"22,982,700"
662,"Jul 09, 2020",245.00,246.53,239.24,244.50,244.50,"22,174,900"
663,"Jul 08, 2020",238.11,246.99,236.59,243.58,243.58,"29,791,300"
664,"Jul 07, 2020",239.41,247.65,238.82,240.86,240.86,"27,887,800"
665,"Jul 06, 2020",233.76,240.40,232.27,240.28,240.28,"26,206,200"
666,"Jul 02, 2020",239.00,240.00,232.61,233.42,233.42,"30,633,600"
667,"Jul 01, 2020",228.50,239.00,227.56,237.55,237.55,"43,399,700"
668,"Jun 30, 2020",220.59,227.50,218.47,227.07,227.07,"33,927,100"
669,"Jun 29, 2020",209.75,220.75,207.11,220.64,220.64,"58,514,300"
670,"Jun 26, 2020",232.64,233.09,215.40,216.08,216.08,"76,343,900"
671,"Jun 25, 2020",234.62,237.30,232.74,235.68,235.68,"18,704,300"
672,"Jun 24, 2020",241.20,243.22,232.68,234.02,234.02,"20,834,900"
673,"Jun 23, 2020",241.28,245.19,239.86,242.24,242.24,"24,017,900"
674,"Jun 22, 2020",238.56,240.70,236.91,239.22,239.22,"18,917,800"
675,"Jun 19, 2020",237.79,240.83,235.55,238.79,238.79,"30,081,300"
676,"Jun 18, 2020",234.99,236.14,232.15,235.94,235.94,"15,782,500"
677,"Jun 17, 2020",235.00,237.59,231.73,235.53,235.53,"19,578,100"
678,"Jun 16, 2020",237.14,238.46,233.00,235.65,235.65,"15,236,700"
679,"Jun 15, 2020",225.09,233.77,224.80,232.50,232.50,"15,340,300"
680,"Jun 12, 2020",229.90,231.66,224.50,228.58,228.58,"22,091,400"
681,"Jun 11, 2020",229.94,232.89,223.55,224.43,224.43,"26,708,200"
682,"Jun 10, 2020",240.96,241.21,235.28,236.73,236.73,"20,720,700"
683,"Jun 09, 2020",231.52,239.77,230.41,238.67,238.67,"27,462,900"
684,"Jun 08, 2020",229.03,231.55,227.41,231.40,231.40,"15,466,500"
685,"Jun 05, 2020",226.71,231.35,225.31,230.77,230.77,"16,750,400"
686,"Jun 04, 2020",229.56,231.63,224.61,226.29,226.29,"17,041,500"
687,"Jun 03, 2020",232.11,232.65,228.53,230.16,230.16,"15,380,300"
688,"Jun 02, 2020",230.94,233.00,226.56,232.72,232.72,"20,919,000"
689,"Jun 01, 2020",224.59,232.44,223.50,231.91,231.91,"18,223,800"
690,"May 29, 2020",225.20,227.49,222.88,225.09,225.09,"23,241,500"
691,"May 28, 2020",224.30,231.63,224.00,225.46,225.46,"29,377,200"
692,"May 27, 2020",229.07,230.56,221.13,229.14,229.14,"34,697,600"
693,"May 26, 2020",239.77,240.90,231.67,232.20,232.20,"33,178,300"
694,"May 22, 2020",231.51,235.99,228.74,234.91,234.91,"33,925,600"
695,"May 21, 2020",234.72,237.20,231.20,231.39,231.39,"47,782,600"
696,"May 20, 2020",223.50,231.34,223.19,229.97,229.97,"50,162,900"
697,"May 19, 2020",213.27,220.49,212.83,216.88,216.88,"31,843,200"
698,"May 18, 2020",212.15,214.64,210.94,213.19,213.19,"20,151,900"
699,"May 15, 2020",205.27,211.34,204.12,210.88,210.88,"19,383,200"
700,"May 14, 2020",202.56,206.93,200.69,206.81,206.81,"17,178,900"
701,"May 13, 2020",209.43,210.78,202.11,205.10,205.10,"20,684,600"
702,"May 12, 2020",213.29,215.28,210.00,210.10,210.10,"14,704,600"
703,"May 11, 2020",210.89,215.00,210.37,213.18,213.18,"12,911,900"
704,"May 08, 2020",212.24,213.21,210.85,212.35,212.35,"12,506,000"
705,"May 07, 2020",211.16,211.60,209.04,211.26,211.26,"15,152,000"
706,"May 06, 2020",208.12,211.60,206.66,208.47,208.47,"21,857,000"
707,"May 05, 2020",207.02,210.38,206.50,207.07,207.07,"21,071,200"
708,"May 04, 2020",200.20,205.91,198.76,205.26,205.26,"19,250,700"
709,"May 01, 2020",201.60,207.28,199.05,202.27,202.27,"30,415,600"
710,"Apr 30, 2020",206.92,209.69,201.57,204.71,204.71,"46,230,100"
711,"Apr 29, 2020",190.93,196.91,190.00,194.19,194.19,"45,954,500"
712,"Apr 28, 2020",188.66,189.20,182.56,182.91,182.91,"21,731,000"
713,"Apr 27, 2020",192.66,193.75,187.41,187.50,187.50,"29,197,800"
714,"Apr 24, 2020",183.23,190.41,180.83,190.07,190.07,"28,792,000"
715,"Apr 23, 2020",184.08,187.05,183.15,185.13,185.13,"21,426,600"
716,"Apr 22, 2020",178.45,184.78,178.14,182.28,182.28,"33,242,000"
717,"Apr 21, 2020",175.25,175.38,168.34,170.80,170.80,"24,850,500"
718,"Apr 20, 2020",177.41,180.50,176.77,178.24,178.24,"16,110,700"
719,"Apr 17, 2020",179.20,180.28,176.66,179.24,179.24,"20,974,800"
720,"Apr 16, 2020",177.95,178.05,172.51,176.25,176.25,"23,593,200"
721,"Apr 15, 2020",175.19,178.19,172.82,176.97,176.97,"17,423,000"
722,"Apr 14, 2020",178.98,181.23,176.62,178.17,178.17,"21,011,800"
723,"Apr 13, 2020",173.67,175.00,169.45,174.79,174.79,"19,355,400"
724,"Apr 09, 2020",175.90,177.08,171.57,175.19,175.19,"23,534,300"
725,"Apr 08, 2020",171.25,175.00,167.74,174.28,174.28,"21,664,200"
726,"Apr 07, 2020",171.79,173.39,166.01,168.83,168.83,"31,411,900"
727,"Apr 06, 2020",160.15,166.20,158.51,165.55,165.55,"28,453,600"
728,"Apr 03, 2020",157.15,157.91,150.83,154.18,154.18,"25,983,300"
729,"Apr 02, 2020",159.10,161.35,155.92,158.19,158.19,"20,886,300"
730,"Apr 01, 2020",161.62,164.15,158.04,159.60,159.60,"19,507,600"
731,"Mar 31, 2020",165.48,170.93,164.20,166.80,166.80,"23,676,300"
732,"Mar 30, 2020",159.18,166.75,158.06,165.95,165.95,"22,515,200"
733,"Mar 27, 2020",158.20,160.09,154.75,156.79,156.79,"24,879,900"
734,"Mar 26, 2020",158.25,164.00,157.02,163.34,163.34,"26,556,800"
735,"Mar 25, 2020",158.92,162.99,153.06,156.21,156.21,"35,184,300"
736,"Mar 24, 2020",155.21,161.31,152.57,160.98,160.98,"30,440,400"
737,"Mar 23, 2020",149.66,152.31,142.25,148.10,148.10,"29,830,800"
738,"Mar 20, 2020",156.02,159.27,148.00,149.73,149.73,"32,568,400"
739,"Mar 19, 2020",146.62,159.93,144.80,153.13,153.13,"39,862,300"
740,"Mar 18, 2020",139.75,148.18,137.10,146.96,146.96,"37,553,100"
741,"Mar 17, 2020",150.74,153.94,140.00,149.42,149.42,"34,255,600"
742,"Mar 16, 2020",152.32,159.13,143.10,146.01,146.01,"39,120,400"
743,"Mar 13, 2020",163.53,170.79,157.60,170.28,170.28,"35,028,600"
744,"Mar 12, 2020",159.54,166.60,154.34,154.47,154.47,"43,266,300"
745,"Mar 11, 2020",174.01,175.88,167.66,170.24,170.24,"20,373,900"
746,"Mar 10, 2020",174.67,178.29,169.50,178.19,178.19,"24,517,800"
747,"Mar 09, 2020",169.60,175.00,165.19,169.50,169.50,"29,949,000"
748,"Mar 06, 2020",178.33,183.78,176.26,181.09,181.09,"24,559,600"
749,"Mar 05, 2020",186.78,188.99,183.89,185.17,185.17,"19,333,400"
750,"Mar 04, 2020",189.17,191.83,186.39,191.76,191.76,"23,062,500"
751,"Mar 03, 2020",196.22,197.24,183.97,185.89,185.89,"27,984,100"
752,"Mar 02, 2020",194.03,196.57,188.85,196.44,196.44,"24,949,000"
753,"Feb 28, 2020",182.70,192.74,181.82,192.47,192.47,"32,568,900"
754,"Feb 27, 2020",191.82,195.88,189.50,189.75,189.75,"21,682,600"
755,"Feb 26, 2020",197.19,201.21,195.49,197.20,197.20,"16,524,500"
756,"Feb 25, 2020",202.25,203.50,195.95,196.77,196.77,"21,433,500"
757,"Feb 24, 2020",201.80,203.65,198.17,200.72,200.72,"23,080,100"
758,"Feb 21, 2020",213.48,214.24,208.83,210.18,210.18,"14,092,300"
759,"Feb 20, 2020",216.52,218.77,212.95,214.58,214.58,"13,109,200"
760,"Feb 19, 2020",217.99,218.32,216.11,217.49,217.49,"12,135,100"
761,"Feb 18, 2020",213.55,217.98,213.40,217.80,217.80,"15,609,200"
762,"Feb 14, 2020",214.00,214.93,212.65,214.18,214.18,"10,741,700"
763,"Feb 13, 2020",209.52,214.33,209.18,213.14,213.14,"15,396,600"
764,"Feb 12, 2020",207.85,211.22,207.40,210.76,210.76,"13,813,700"
765,"Feb 11, 2020",210.19,210.86,206.51,207.19,207.19,"25,030,800"
766,"Feb 10, 2020",211.52,213.80,210.66,213.06,213.06,"11,856,400"
767,"Feb 07, 2020",210.30,212.82,209.93,212.33,212.33,"12,242,500"
768,"Feb 06, 2020",210.47,211.19,209.34,210.85,210.85,"10,567,500"
769,"Feb 05, 2020",212.51,212.73,208.71,210.11,210.11,"12,538,200"
770,"Feb 04, 2020",206.62,210.60,205.20,209.83,209.83,"19,628,900"
771,"Feb 03, 2020",203.44,205.14,202.50,204.19,204.19,"15,495,600"
772,"Jan 31, 2020",208.43,208.69,201.06,201.91,201.91,"31,359,900"
773,"Jan 30, 2020",206.53,211.43,204.75,209.53,209.53,"48,775,500"
774,"Jan 29, 2020",221.44,224.20,218.45,223.23,223.23,"33,181,300"
775,"Jan 28, 2020",216.14,218.74,213.52,217.79,217.79,"13,413,800"
776,"Jan 27, 2020",213.10,216.06,212.50,214.87,214.87,"13,810,700"
777,"Jan 24, 2020",220.80,221.78,216.11,217.94,217.94,"11,905,800"
778,"Jan 23, 2020",220.75,221.49,219.27,219.76,219.76,"11,195,000"
779,"Jan 22, 2020",222.31,222.75,221.28,221.32,221.32,"12,212,800"
780,"Jan 21, 2020",222.16,222.37,219.12,221.44,221.44,"14,275,800"
781,"Jan 17, 2020",222.03,222.29,220.53,222.14,222.14,"15,905,900"
782,"Jan 16, 2020",222.57,222.63,220.39,221.77,221.77,"10,015,300"
783,"Jan 15, 2020",220.61,221.68,220.14,221.15,221.15,"10,036,500"
784,"Jan 14, 2020",221.61,222.38,218.63,219.06,219.06,"13,288,900"
785,"Jan 13, 2020",219.60,221.97,219.21,221.91,221.91,"14,463,400"
786,"Jan 10, 2020",219.20,219.88,217.42,218.06,218.06,"12,119,400"
787,"Jan 09, 2020",217.54,218.38,216.28,218.30,218.30,"12,642,800"
788,"Jan 08, 2020",213.00,216.24,212.61,215.22,215.22,"13,475,000"
789,"Jan 07, 2020",212.82,214.58,211.75,213.06,213.06,"14,912,400"
790,"Jan 06, 2020",206.70,212.78,206.52,212.60,212.60,"17,058,900"
791,"Jan 03, 2020",207.21,210.40,206.95,208.67,208.67,"11,188,400"
792,"Jan 02, 2020",206.75,209.79,206.27,209.78,209.78,"12,077,100"
793,"Dec 31, 2019",204.00,205.56,203.60,205.25,205.25,"8,953,500"
794,"Dec 30, 2019",207.86,207.90,203.90,204.41,204.41,"10,524,300"
795,"Dec 27, 2019",208.67,208.93,206.59,208.10,208.10,"10,284,200"
796,"Dec 26, 2019",205.57,207.82,205.31,207.79,207.79,"9,350,700"
797,"Dec 24, 2019",206.30,206.79,205.00,205.12,205.12,"6,046,300"
798,"Dec 23, 2019",206.70,208.59,205.68,206.18,206.18,"13,348,900"
799,"Dec 20, 2019",207.48,207.71,203.43,206.30,206.30,"27,306,900"
800,"Dec 19, 2019",202.78,206.30,202.51,206.06,206.06,"16,514,600"
801,"Dec 18, 2019",200.09,204.30,200.09,202.50,202.50,"23,274,400"
802,"Dec 17, 2019",198.84,199.00,196.13,198.39,198.39,"10,175,700"
803,"Dec 16, 2019",195.27,199.12,194.81,197.92,197.92,"14,911,500"
804,"Dec 13, 2019",196.40,196.80,193.17,194.11,194.11,"18,798,000"
805,"Dec 12, 2019",202.35,203.66,194.10,196.75,196.75,"23,734,800"
806,"Dec 11, 2019",200.28,202.63,200.28,202.26,202.26,"8,036,800"
807,"Dec 10, 2019",201.66,202.05,200.15,200.87,200.87,"9,475,700"
808,"Dec 09, 2019",200.65,203.14,200.21,201.34,201.34,"11,954,800"
809,"Dec 06, 2019",200.50,201.57,200.06,201.05,201.05,"12,270,600"
810,"Dec 05, 2019",199.86,201.29,198.21,199.36,199.36,"9,740,400"
811,"Dec 04, 2019",200.00,200.03,198.05,198.71,198.71,"8,456,300"
812,"Dec 03, 2019",197.60,198.93,195.08,198.82,198.82,"11,595,300"
813,"Dec 02, 2019",202.13,202.18,198.05,199.70,199.70,"11,503,400"
814,"Nov 29, 2019",201.60,203.80,201.21,201.64,201.64,"7,985,200"
815,"Nov 27, 2019",199.90,203.14,199.42,202.00,202.00,"12,736,600"
816,"Nov 26, 2019",200.00,200.15,198.04,198.97,198.97,"11,735,500"
817,"Nov 25, 2019",199.52,200.97,199.25,199.79,199.79,"15,272,300"
818,"Nov 22, 2019",198.38,199.30,197.62,198.82,198.82,"9,959,800"
819,"Nov 21, 2019",197.42,199.09,196.86,197.93,197.93,"12,131,000"
820,"Nov 20, 2019",198.58,199.59,195.43,197.51,197.51,"12,355,400"
821,"Nov 19, 2019",197.40,200.00,196.86,199.32,199.32,"19,056,800"
822,"Nov 18, 2019",194.56,198.63,193.05,197.40,197.40,"16,167,200"
823,"Nov 15, 2019",194.26,195.30,193.38,195.10,195.10,"11,524,300"
824,"Nov 14, 2019",192.93,194.03,191.45,193.15,193.15,"9,040,500"
825,"Nov 13, 2019",194.70,195.70,192.74,193.19,193.19,"10,860,700"
826,"Nov 12, 2019",190.00,195.06,189.74,194.47,194.47,"17,615,500"
827,"Nov 11, 2019",189.93,190.08,188.54,189.61,189.61,"8,631,200"
828,"Nov 08, 2019",190.00,192.34,189.70,190.84,190.84,"10,760,800"
829,"Nov 07, 2019",191.91,193.44,189.47,190.42,190.42,"13,473,000"
830,"Nov 06, 2019",194.03,194.37,191.35,191.55,191.55,"10,973,000"
831,"Nov 05, 2019",195.37,195.75,193.60,194.32,194.32,"9,942,000"
832,"Nov 04, 2019",194.55,197.37,193.81,194.72,194.72,"16,371,300"
833,"Nov 01, 2019",192.85,194.11,189.91,193.62,193.62,"21,711,800"
834,"Oct 31, 2019",196.70,198.09,188.25,191.65,191.65,"42,286,500"
835,"Oct 30, 2019",189.56,190.45,185.98,188.25,188.25,"28,734,600"
836,"Oct 29, 2019",191.69,192.53,188.47,189.31,189.31,"13,574,900"
837,"Oct 28, 2019",187.20,189.53,185.08,189.40,189.40,"13,657,900"
838,"Oct 25, 2019",185.83,189.00,185.09,187.89,187.89,"8,061,200"
839,"Oct 24, 2019",184.62,186.73,182.80,186.38,186.38,"11,413,500"
840,"Oct 23, 2019",182.01,186.38,182.00,186.15,186.15,"12,300,400"
841,"Oct 22, 2019",190.00,190.65,181.50,182.34,182.34,"19,537,600"
842,"Oct 21, 2019",187.04,189.91,186.75,189.76,189.76,"8,122,600"
843,"Oct 18, 2019",190.23,191.49,183.92,185.85,185.85,"16,874,200"
844,"Oct 17, 2019",190.30,190.84,188.77,190.39,190.39,"9,603,000"
845,"Oct 16, 2019",188.32,189.70,186.90,189.55,189.55,"10,516,900"
846,"Oct 15, 2019",183.80,190.38,183.66,188.89,188.89,"15,039,100"
847,"Oct 14, 2019",184.20,184.62,182.57,183.28,183.28,"7,006,000"
848,"Oct 11, 2019",182.15,186.49,182.14,184.19,184.19,"14,930,500"
849,"Oct 10, 2019",180.32,181.61,179.17,180.03,180.03,"8,605,000"
850,"Oct 09, 2019",179.16,180.72,177.94,179.85,179.85,"7,556,900"
851,"Oct 08, 2019",178.26,180.37,177.72,177.75,177.75,"9,466,900"
852,"Oct 07, 2019",180.00,181.18,178.09,179.68,179.68,"9,178,300"
853,"Oct 04, 2019",179.55,180.98,178.10,180.45,180.45,"10,430,200"
854,"Oct 03, 2019",175.57,179.84,173.63,179.38,179.38,"16,086,300"
855,"Oct 02, 2019",174.84,176.53,173.09,174.60,174.60,"16,151,700"
856,"Oct 01, 2019",179.15,179.84,174.88,175.81,175.81,"17,073,000"
857,"Sep 30, 2019",177.87,178.67,176.85,178.08,178.08,"10,740,000"
858,"Sep 27, 2019",180.49,180.76,175.66,177.10,177.10,"14,656,200"
859,"Sep 26, 2019",181.33,181.40,177.67,180.11,180.11,"16,083,300"
860,"Sep 25, 2019",181.45,183.42,177.87,182.80,182.80,"18,068,300"
861,"Sep 24, 2019",187.98,188.04,180.39,181.28,181.28,"18,546,600"
862,"Sep 23, 2019",189.34,190.10,185.21,186.82,186.82,"13,327,600"
863,"Sep 20, 2019",190.66,193.10,188.12,189.93,189.93,"19,934,200"
864,"Sep 19, 2019",188.66,191.10,188.15,190.14,190.14,"10,392,700"
865,"Sep 18, 2019",188.09,189.08,186.01,188.14,188.14,"9,681,900"
866,"Sep 17, 2019",186.66,188.32,185.54,188.08,188.08,"9,671,100"
867,"Sep 16, 2019",186.93,187.79,185.77,186.22,186.22,"8,444,800"
868,"Sep 13, 2019",187.33,187.97,186.54,187.19,187.19,"11,441,100"
869,"Sep 12, 2019",189.86,190.93,187.23,187.47,187.47,"11,419,800"
870,"Sep 11, 2019",186.46,189.44,186.08,188.49,188.49,"11,761,700"
871,"Sep 10, 2019",187.44,188.10,184.55,186.17,186.17,"15,455,900"
872,"Sep 09, 2019",187.73,188.98,185.85,188.76,188.76,"14,722,400"
873,"Sep 06, 2019",190.21,190.21,186.35,187.49,187.49,"15,226,800"
874,"Sep 05, 2019",188.53,191.36,187.94,190.90,190.90,"13,876,700"
875,"Sep 04, 2019",184.65,187.75,183.89,187.14,187.14,"11,308,000"
876,"Sep 03, 2019",184.00,185.67,182.11,182.39,182.39,"9,779,400"
877,"Aug 30, 2019",186.78,186.80,183.46,185.67,185.67,"10,774,500"
878,"Aug 29, 2019",183.77,186.08,183.47,185.57,185.57,"10,128,700"
879,"Aug 28, 2019",180.53,181.95,178.92,181.76,181.76,"9,386,100"
880,"Aug 27, 2019",181.93,184.04,181.01,181.30,181.30,"14,399,600"
881,"Aug 26, 2019",179.40,180.50,178.24,180.36,180.36,"8,773,600"
882,"Aug 23, 2019",180.84,183.13,176.66,177.75,177.75,"17,323,400"
883,"Aug 22, 2019",183.43,184.11,179.91,182.04,182.04,"10,821,400"
884,"Aug 21, 2019",185.00,185.90,183.14,183.55,183.55,"8,398,200"
885,"Aug 20, 2019",185.45,186.00,182.39,183.81,183.81,"10,083,400"
886,"Aug 19, 2019",186.01,187.50,184.85,186.17,186.17,"9,691,200"
887,"Aug 16, 2019",183.75,185.10,182.36,183.70,183.70,"12,654,600"
888,"Aug 15, 2019",180.95,183.20,180.03,182.59,182.59,"12,925,900"
889,"Aug 14, 2019",185.80,185.99,179.31,179.71,179.71,"18,903,700"
890,"Aug 13, 2019",185.52,191.38,185.37,188.45,188.45,"13,577,000"
891,"Aug 12, 2019",186.85,187.59,184.46,185.37,185.37,"10,930,900"
892,"Aug 09, 2019",190.00,190.98,187.12,187.85,187.85,"11,058,800"
893,"Aug 08, 2019",186.62,190.34,184.05,190.16,190.16,"14,828,900"
894,"Aug 07, 2019",183.60,186.37,181.22,185.15,185.15,"15,833,200"
895,"Aug 06, 2019",183.69,185.79,183.09,184.51,184.51,"18,035,700"
896,"Aug 05, 2019",184.69,185.67,179.34,181.73,181.73,"23,086,700"
897,"Aug 02, 2019",191.10,192.62,188.07,189.02,189.02,"15,297,000"
898,"Aug 01, 2019",194.17,198.47,190.88,192.73,192.73,"17,777,000"
899,"Jul 31, 2019",196.95,198.76,192.68,194.23,194.23,"14,593,500"
900,"Jul 30, 2019",195.39,198.71,193.50,197.04,197.04,"11,903,600"
901,"Jul 29, 2019",199.00,199.63,195.30,195.94,195.94,"16,530,800"
902,"Jul 26, 2019",200.19,202.88,196.25,199.75,199.75,"24,434,000"
903,"Jul 25, 2019",206.70,208.66,198.26,200.71,200.71,"39,889,900"
904,"Jul 24, 2019",197.63,204.81,197.22,204.66,204.66,"32,532,500"
905,"Jul 23, 2019",202.84,204.24,200.96,202.36,202.36,"14,583,700"
906,"Jul 22, 2019",199.91,202.57,198.81,202.32,202.32,"13,589,000"
907,"Jul 19, 2019",202.18,202.33,198.07,198.36,198.36,"12,098,300"
908,"Jul 18, 2019",200.15,202.47,199.38,200.78,200.78,"11,937,900"
909,"Jul 17, 2019",204.18,204.36,201.59,201.80,201.80,"12,083,700"
910,"Jul 16, 2019",203.89,205.47,203.10,203.84,203.84,"12,132,700"
911,"Jul 15, 2019",204.25,205.33,201.82,203.91,203.91,"16,030,300"
912,"Jul 12, 2019",199.68,205.30,199.16,204.87,204.87,"15,366,300"
913,"Jul 11, 2019",203.26,203.80,200.21,201.23,201.23,"13,678,500"
914,"Jul 10, 2019",200.00,202.96,199.67,202.73,202.73,"20,571,700"
915,"Jul 09, 2019",194.97,199.46,194.89,199.21,199.21,"14,698,600"
916,"Jul 08, 2019",195.19,196.68,193.64,195.76,195.76,"9,723,900"
917,"Jul 05, 2019",196.18,197.07,194.17,196.40,196.40,"11,164,100"
918,"Jul 03, 2019",194.16,197.40,194.16,197.20,197.20,"10,246,100"
919,"Jul 02, 2019",193.00,195.00,192.71,195.00,195.00,"9,050,000"
920,"Jul 01, 2019",195.21,195.28,191.93,193.00,193.00,"14,181,800"
921,"Jun 28, 2019",190.55,193.20,189.94,193.00,193.00,"16,378,900"
922,"Jun 27, 2019",189.88,198.88,188.27,189.50,189.50,"11,159,000"
923,"Jun 26, 2019",189.54,190.76,187.31,187.66,187.66,"12,808,600"
924,"Jun 25, 2019",192.88,193.14,188.13,188.84,188.84,"16,750,300"
925,"Jun 24, 2019",192.42,193.98,191.57,192.60,192.60,"15,509,000"
926,"Jun 21, 2019",188.75,192.00,188.75,191.14,191.14,"22,751,200"
927,"Jun 20, 2019",190.95,191.16,187.64,189.53,189.53,"14,635,700"
928,"Jun 19, 2019",187.00,188.10,184.55,187.48,187.48,"21,417,100"
929,"Jun 18, 2019",194.00,194.53,187.28,188.47,188.47,"37,571,400"
930,"Jun 17, 2019",185.01,189.50,184.41,189.01,189.01,"29,459,900"
931,"Jun 14, 2019",180.51,181.84,180.00,181.33,181.33,"16,773,700"
932,"Jun 13, 2019",175.53,178.03,174.61,177.47,177.47,"12,253,600"
933,"Jun 12, 2019",178.38,179.27,172.88,175.04,175.04,"17,699,800"
934,"Jun 11, 2019",178.48,179.98,176.79,178.10,178.10,"15,266,600"
935,"Jun 10, 2019",174.75,177.86,173.80,174.82,174.82,"14,767,900"
936,"Jun 07, 2019",170.17,173.87,168.84,173.35,173.35,"16,917,300"
937,"Jun 06, 2019",168.30,169.70,167.23,168.33,168.33,"12,446,400"
938,"Jun 05, 2019",167.48,168.72,164.63,168.17,168.17,"19,758,300"
939,"Jun 04, 2019",163.71,168.28,160.84,167.50,167.50,"46,044,300"
940,"Jun 03, 2019",175.00,175.05,161.01,164.15,164.15,"56,059,600"
941,"May 31, 2019",180.28,180.54,177.16,177.47,177.47,"15,226,500"
942,"May 30, 2019",183.08,183.48,180.89,183.01,183.01,"8,581,500"
943,"May 29, 2019",183.50,184.56,181.35,182.19,182.19,"12,797,700"
944,"May 28, 2019",181.54,184.71,181.45,184.31,184.31,"14,843,300"
945,"May 24, 2019",182.33,183.63,180.83,181.06,181.06,"8,807,700"
946,"May 23, 2019",182.42,183.90,179.67,180.87,180.87,"12,768,800"
947,"May 22, 2019",184.73,186.74,183.61,185.32,185.32,"9,213,800"
948,"May 21, 2019",184.57,185.70,183.89,184.82,184.82,"7,502,800"
949,"May 20, 2019",181.88,184.23,181.37,182.72,182.72,"10,352,000"
950,"May 17, 2019",184.84,187.58,184.28,185.30,185.30,"10,485,400"
951,"May 16, 2019",185.05,188.58,185.05,186.99,186.99,"12,953,100"
952,"May 15, 2019",180.42,187.28,180.02,186.27,186.27,"16,746,900"
953,"May 14, 2019",182.52,183.49,178.10,180.73,180.73,"17,628,100"
954,"May 13, 2019",183.50,185.43,180.84,181.54,181.54,"16,833,300"
955,"May 10, 2019",188.25,190.00,184.59,188.34,188.34,"12,578,500"
956,"May 09, 2019",187.20,189.77,186.26,188.65,188.65,"12,967,000"
957,"May 08, 2019",189.39,190.72,188.55,189.54,189.54,"12,505,700"
958,"May 07, 2019",192.54,192.90,187.85,189.77,189.77,"16,253,000"
959,"May 06, 2019",191.24,194.28,190.55,193.88,193.88,"13,994,900"
960,"May 03, 2019",194.38,196.16,193.71,195.47,195.47,"14,575,400"
961,"May 02, 2019",193.00,194.00,189.75,192.53,192.53,"13,209,500"
962,"May 01, 2019",194.78,196.18,193.01,193.03,193.03,"15,996,600"
963,"Apr 30, 2019",194.19,197.39,192.28,193.40,193.40,"23,494,700"
964,"Apr 29, 2019",190.95,195.41,190.65,194.78,194.78,"19,641,300"
965,"Apr 26, 2019",192.50,192.90,189.09,191.49,191.49,"22,075,000"
966,"Apr 25, 2019",196.98,198.48,192.12,193.26,193.26,"54,148,800"
967,"Apr 24, 2019",184.49,185.14,181.65,182.58,182.58,"37,289,900"
968,"Apr 23, 2019",182.74,184.22,181.48,183.78,183.78,"19,954,800"
969,"Apr 22, 2019",178.25,181.67,178.25,181.44,181.44,"13,389,900"
970,"Apr 18, 2019",178.80,178.88,177.34,178.28,178.28,"11,655,600"
971,"Apr 17, 2019",179.60,180.74,178.36,178.78,178.78,"9,973,700"
972,"Apr 16, 2019",179.00,180.17,178.30,178.87,178.87,"11,215,200"
973,"Apr 15, 2019",178.50,180.50,176.87,179.65,179.65,"10,834,800"
974,"Apr 12, 2019",178.00,179.63,177.95,179.10,179.10,"12,329,800"
975,"Apr 11, 2019",178.24,178.40,177.00,177.51,177.51,"8,071,000"
976,"Apr 10, 2019",178.18,178.79,176.54,177.82,177.82,"11,701,500"
977,"Apr 09, 2019",175.62,179.19,175.55,177.58,177.58,"19,751,000"
978,"Apr 08, 2019",175.21,175.50,174.23,174.93,174.93,"7,297,400"
979,"Apr 05, 2019",176.88,177.00,175.10,175.72,175.72,"9,594,100"
980,"Apr 04, 2019",176.02,178.00,175.53,176.02,176.02,"17,847,700"
981,"Apr 03, 2019",174.50,177.96,172.95,173.54,173.54,"27,391,100"
982,"Apr 02, 2019",170.14,174.90,169.55,174.20,174.20,"23,946,500"
983,"Apr 01, 2019",167.83,168.90,167.28,168.70,168.70,"10,381,500"
984,"Mar 29, 2019",166.39,167.19,164.81,166.69,166.69,"13,455,500"
985,"Mar 28, 2019",164.57,166.72,163.33,165.55,165.55,"10,443,000"
986,"Mar 27, 2019",167.85,168.94,164.79,165.87,165.87,"10,620,300"
987,"Mar 26, 2019",167.35,169.45,166.35,167.68,167.68,"15,437,900"
988,"Mar 25, 2019",163.00,166.54,162.00,166.29,166.29,"12,631,200"
989,"Mar 22, 2019",165.65,167.42,164.09,164.34,164.34,"16,389,200"
990,"Mar 21, 2019",164.89,166.39,163.75,166.08,166.08,"16,223,000"
991,"Mar 20, 2019",161.50,166.12,161.24,165.44,165.44,"20,211,500"
992,"Mar 19, 2019",161.48,163.82,160.82,161.57,161.57,"25,611,500"
993,"Mar 18, 2019",163.57,163.90,159.28,160.47,160.47,"37,524,200"
994,"Mar 15, 2019",167.16,167.58,162.51,165.98,165.98,"37,135,400"
995,"Mar 14, 2019",169.76,171.15,168.16,170.17,170.17,"18,037,400"
996,"Mar 13, 2019",172.32,174.03,172.12,173.37,173.37,"11,973,300"
997,"Mar 12, 2019",172.09,173.80,171.22,171.92,171.92,"12,155,300"
998,"Mar 11, 2019",171.60,174.30,171.58,172.07,172.07,"18,884,000"
999,"Mar 08, 2019",166.20,169.62,165.97,169.60,169.60,"13,184,800"
1000,"Mar 07, 2019",171.50,171.74,167.61,169.13,169.13,"18,306,500"
1001,"Mar 06, 2019",172.90,173.57,171.27,172.51,172.51,"21,531,700"
1002,"Mar 05, 2019",167.37,171.88,166.55,171.26,171.26,"28,187,900"
1003,"Mar 04, 2019",163.90,167.50,163.83,167.37,167.37,"18,894,700"
1004,"Mar 01, 2019",162.60,163.13,161.69,162.28,162.28,"11,097,800"
1005,"Feb 28, 2019",162.37,163.50,160.86,161.45,161.45,"11,114,200"
1006,"Feb 27, 2019",162.90,163.93,160.41,162.81,162.81,"12,697,500"
1007,"Feb 26, 2019",164.34,166.24,163.80,164.13,164.13,"13,784,100"
1008,"Feb 25, 2019",163.07,166.07,162.90,164.62,164.62,"18,737,100"
1009,"Feb 22, 2019",160.58,162.41,160.31,161.89,161.89,"15,858,500"
1010,"Feb 21, 2019",161.93,162.24,159.59,160.04,160.04,"15,607,800"
1011,"Feb 20, 2019",162.25,163.72,161.25,162.56,162.56,"11,770,700"
1012,"Feb 19, 2019",160.50,164.15,160.33,162.29,162.29,"14,345,400"
1013,"Feb 15, 2019",164.51,164.70,160.86,162.50,162.50,"15,504,400"
1014,"Feb 14, 2019",163.19,164.87,162.25,163.95,163.95,"12,755,200"
1015,"Feb 13, 2019",165.38,166.22,163.73,164.07,164.07,"14,205,100"
1016,"Feb 12, 2019",166.86,168.34,164.50,165.04,165.04,"16,292,300"
1017,"Feb 11, 2019",167.90,168.30,165.08,165.79,165.79,"12,811,200"
1018,"Feb 08, 2019",164.47,167.37,164.21,167.33,167.33,"12,561,400"
1019,"Feb 07, 2019",168.20,169.24,165.25,166.38,166.38,"17,517,600"
1020,"Feb 06, 2019",171.20,172.47,169.27,170.49,170.49,"13,281,200"
1021,"Feb 05, 2019",169.15,171.98,168.69,171.16,171.16,"22,557,000"
1022,"Feb 04, 2019",165.70,169.30,163.62,169.25,169.25,"20,036,000"
1023,"Feb 01, 2019",165.84,169.10,165.66,165.71,165.71,"30,806,500"
1024,"Jan 31, 2019",165.60,171.68,165.00,166.69,166.69,"77,233,600"
1025,"Jan 30, 2019",146.22,150.95,145.70,150.42,150.42,"44,613,200"
1026,"Jan 29, 2019",148.09,148.10,143.43,144.19,144.19,"17,632,100"
1027,"Jan 28, 2019",148.05,148.96,146.21,147.47,147.47,"15,508,500"
1028,"Jan 25, 2019",147.48,149.83,146.54,149.01,149.01,"22,237,200"
1029,"Jan 24, 2019",144.64,146.44,142.52,145.83,145.83,"20,955,500"
1030,"Jan 23, 2019",148.28,148.80,143.06,144.30,144.30,"20,098,400"
1031,"Jan 22, 2019",149.20,151.53,146.37,147.57,147.57,"22,378,700"
1032,"Jan 18, 2019",149.75,152.43,148.55,150.04,150.04,"31,029,600"
1033,"Jan 17, 2019",146.95,149.00,146.50,148.30,148.30,"15,787,900"
1034,"Jan 16, 2019",149.00,149.65,147.00,147.54,147.54,"18,025,700"
1035,"Jan 15, 2019",146.01,150.68,145.99,148.95,148.95,"24,069,000"
1036,"Jan 14, 2019",142.00,146.57,141.27,145.39,145.39,"20,520,300"
1037,"Jan 11, 2019",143.15,145.36,142.57,143.80,143.80,"12,908,000"
1038,"Jan 10, 2019",143.08,144.56,140.84,144.20,144.20,"16,125,000"
1039,"Jan 09, 2019",142.95,144.70,141.27,144.23,144.23,"22,205,900"
1040,"Jan 08, 2019",139.89,143.14,139.54,142.53,142.53,"26,263,800"
1041,"Jan 07, 2019",137.56,138.87,135.91,138.05,138.05,"20,089,300"
1042,"Jan 04, 2019",134.01,138.00,133.75,137.95,137.95,"29,002,100"
1043,"Jan 03, 2019",134.69,137.17,131.12,131.74,131.74,"22,717,900"
1044,"Jan 02, 2019",128.99,137.51,128.56,135.68,135.68,"28,146,200"
1045,"Dec 31, 2018",134.45,134.64,129.95,131.09,131.09,"24,625,300"
1046,"Dec 28, 2018",135.34,135.92,132.20,133.20,133.20,"22,627,600"
1047,"Dec 27, 2018",132.44,134.99,129.67,134.52,134.52,"31,202,500"
1048,"Dec 26, 2018",126.00,134.24,125.89,134.18,134.18,"39,723,400"
1049,"Dec 24, 2018",123.10,129.74,123.02,124.06,124.06,"22,066,000"
1050,"Dec 21, 2018",133.39,134.90,123.42,124.95,124.95,"56,901,500"
1051,"Dec 20, 2018",130.70,135.57,130.00,133.40,133.40,"40,297,900"
1052,"Dec 19, 2018",141.21,144.91,132.50,133.24,133.24,"57,404,900"
1053,"Dec 18, 2018",141.08,145.93,139.83,143.66,143.66,"24,709,100"
1054,"Dec 17, 2018",143.08,144.92,138.42,140.19,140.19,"24,334,000"
1055,"Dec 14, 2018",143.34,146.01,142.51,144.06,144.06,"21,785,800"
1056,"Dec 13, 2018",145.57,145.85,143.19,145.01,145.01,"18,148,600"
1057,"Dec 12, 2018",143.08,147.19,142.51,144.50,144.50,"23,696,900"
1058,"Dec 11, 2018",143.88,143.88,141.10,142.08,142.08,"20,300,300"
1059,"Dec 10, 2018",139.60,143.05,139.01,141.85,141.85,"26,422,200"
1060,"Dec 07, 2018",139.25,140.87,136.66,137.42,137.42,"21,195,500"
1061,"Dec 06, 2018",133.82,139.70,133.67,139.63,139.63,"28,218,100"
1062,"Dec 04, 2018",140.73,143.39,137.16,137.93,137.93,"30,307,400"
1063,"Dec 03, 2018",143.00,143.68,140.76,141.09,141.09,"24,819,200"
1064,"Nov 30, 2018",138.26,140.97,137.36,140.61,140.61,"25,732,600"
1065,"Nov 29, 2018",135.92,139.99,135.66,138.68,138.68,"24,238,700"
1066,"Nov 28, 2018",136.28,136.79,131.85,136.76,136.76,"29,847,500"
1067,"Nov 27, 2018",135.75,136.61,133.71,135.00,135.00,"20,750,300"
1068,"Nov 26, 2018",133.00,137.00,132.78,136.38,136.38,"24,263,600"
1069,"Nov 23, 2018",133.65,134.50,131.26,131.73,131.73,"11,886,100"
1070,"Nov 21, 2018",134.40,137.19,134.13,134.82,134.82,"25,469,700"
1071,"Nov 20, 2018",127.03,134.16,126.85,132.43,132.43,"41,939,500"
1072,"Nov 19, 2018",137.61,137.75,131.21,131.55,131.55,"44,362,700"
1073,"Nov 16, 2018",141.07,141.77,137.77,139.53,139.53,"37,250,600"
1074,"Nov 15, 2018",142.33,144.84,140.83,143.85,143.85,"30,320,300"
1075,"Nov 14, 2018",143.70,145.58,141.55,144.22,144.22,"22,068,400"
1076,"Nov 13, 2018",142.00,144.88,141.62,142.16,142.16,"15,141,700"
1077,"Nov 12, 2018",144.48,145.04,140.49,141.55,141.55,"18,542,100"
1078,"Nov 09, 2018",146.75,147.76,144.07,144.96,144.96,"17,326,900"
1079,"Nov 08, 2018",150.49,150.94,146.74,147.87,147.87,"24,145,800"
1080,"Nov 07, 2018",151.57,153.01,149.83,151.53,151.53,"21,877,400"
1081,"Nov 06, 2018",149.31,150.97,148.00,149.94,149.94,"16,667,100"
1082,"Nov 05, 2018",150.10,150.19,147.44,148.68,148.68,"15,971,200"
1083,"Nov 02, 2018",151.80,154.13,148.96,150.35,150.35,"24,708,700"
1084,"Nov 01, 2018",151.52,152.75,149.35,151.75,151.75,"25,640,800"
1085,"Oct 31, 2018",155.00,156.40,148.96,151.79,151.79,"60,101,300"
1086,"Oct 30, 2018",139.94,146.64,139.74,146.22,146.22,"50,528,300"
1087,"Oct 29, 2018",148.50,148.83,139.03,142.09,142.09,"31,336,800"
1088,"Oct 26, 2018",145.82,149.00,143.80,145.37,145.37,"31,303,300"
1089,"Oct 25, 2018",147.73,152.21,147.00,150.95,150.95,"22,105,700"
1090,"Oct 24, 2018",154.28,154.65,145.60,146.04,146.04,"27,744,600"
1091,"Oct 23, 2018",151.22,154.77,150.85,154.39,154.39,"19,095,000"
1092,"Oct 22, 2018",154.76,157.34,154.46,154.78,154.78,"15,424,700"
1093,"Oct 19, 2018",155.86,157.35,153.55,154.05,154.05,"19,761,300"
1094,"Oct 18, 2018",158.51,158.66,153.28,154.92,154.92,"21,675,100"
1095,"Oct 17, 2018",159.56,160.49,157.95,159.42,159.42,"17,592,000"
1096,"Oct 16, 2018",155.40,159.46,155.01,158.78,158.78,"19,180,100"
1097,"Oct 15, 2018",153.32,155.57,152.55,153.52,153.52,"15,433,500"
1098,"Oct 12, 2018",156.73,156.89,151.30,153.74,153.74,"25,293,500"
1099,"Oct 11, 2018",150.13,154.81,149.16,153.35,153.35,"35,338,900"
1100,"Oct 10, 2018",156.82,157.69,151.31,151.38,151.38,"30,610,000"
1101,"Oct 09, 2018",157.69,160.59,157.42,157.90,157.90,"18,844,400"
1102,"Oct 08, 2018",155.54,158.34,154.39,157.25,157.25,"24,046,000"
1103,"Oct 05, 2018",159.21,160.90,156.20,157.33,157.33,"25,744,000"
1104,"Oct 04, 2018",161.46,161.46,157.35,158.85,158.85,"25,739,600"
1105,"Oct 03, 2018",160.00,163.66,159.53,162.43,162.43,"23,109,500"
1106,"Oct 02, 2018",161.58,162.28,158.67,159.33,159.33,"36,031,000"
1107,"Oct 01, 2018",163.03,165.88,161.26,162.44,162.44,"26,407,700"
1108,"Sep 28, 2018",168.33,168.79,162.56,164.46,164.46,"34,265,600"
1109,"Sep 27, 2018",167.55,171.77,167.21,168.84,168.84,"27,266,900"
1110,"Sep 26, 2018",164.30,169.30,164.21,166.95,166.95,"25,252,200"
1111,"Sep 25, 2018",161.99,165.59,161.15,164.91,164.91,"27,622,800"
1112,"Sep 24, 2018",161.03,165.70,160.88,165.41,165.41,"19,222,800"
1113,"Sep 21, 2018",166.64,167.25,162.81,162.93,162.93,"45,994,800"
1114,"Sep 20, 2018",164.50,166.45,164.47,166.02,166.02,"18,936,000"
1115,"Sep 19, 2018",160.08,163.44,159.48,163.06,163.06,"19,629,000"
1116,"Sep 18, 2018",159.39,161.76,158.87,160.30,160.30,"22,465,200"
1117,"Sep 17, 2018",161.92,162.06,159.77,160.58,160.58,"21,005,300"
1118,"Sep 14, 2018",161.72,162.84,160.34,162.32,162.32,"21,770,400"
1119,"Sep 13, 2018",162.00,163.32,160.86,161.36,161.36,"25,453,800"
1120,"Sep 12, 2018",163.25,164.49,161.80,162.00,162.00,"24,078,100"
1121,"Sep 11, 2018",163.94,167.19,163.72,165.94,165.94,"20,457,100"
1122,"Sep 10, 2018",163.51,165.01,162.16,164.18,164.18,"20,197,700"
1123,"Sep 07, 2018",160.31,164.63,160.16,163.04,163.04,"24,300,600"
1124,"Sep 06, 2018",166.98,166.98,160.00,162.53,162.53,"41,514,800"
1125,"Sep 05, 2018",169.49,171.13,166.67,167.18,167.18,"31,226,700"
1126,"Sep 04, 2018",173.50,173.89,168.80,171.16,171.16,"29,809,000"
1127,"Aug 31, 2018",177.15,177.62,174.98,175.73,175.73,"18,065,200"
1128,"Aug 30, 2018",175.90,179.79,175.70,177.64,177.64,"24,216,500"
1129,"Aug 29, 2018",176.30,176.79,174.75,175.90,175.90,"18,494,100"
1130,"Aug 28, 2018",178.10,178.24,175.83,176.26,176.26,"15,910,700"
1131,"Aug 27, 2018",175.99,178.67,175.79,177.46,177.46,"17,921,900"
1132,"Aug 24, 2018",173.70,174.82,172.92,174.65,174.65,"14,631,600"
1133,"Aug 23, 2018",173.09,175.55,172.83,172.90,172.90,"18,053,600"
1134,"Aug 22, 2018",172.21,174.24,172.13,173.64,173.64,"16,894,100"
1135,"Aug 21, 2018",172.81,174.17,171.39,172.62,172.62,"19,578,500"
1136,"Aug 20, 2018",174.04,174.57,170.91,172.50,172.50,"21,518,000"
1137,"Aug 17, 2018",174.50,176.22,172.04,173.80,173.80,"24,893,200"
1138,"Aug 16, 2018",180.42,180.50,174.01,174.70,174.70,"31,351,800"
1139,"Aug 15, 2018",179.34,180.87,174.78,179.53,179.53,"33,020,200"
1140,"Aug 14, 2018",180.71,181.99,178.62,181.11,181.11,"19,102,000"
1141,"Aug 13, 2018",180.10,182.61,178.90,180.05,180.05,"17,423,300"
1142,"Aug 10, 2018",182.04,182.10,179.42,180.26,180.26,"21,500,400"
1143,"Aug 09, 2018",185.85,186.57,182.48,183.09,183.09,"19,732,100"
1144,"Aug 08, 2018",184.75,186.85,183.76,185.18,185.18,"22,205,200"
1145,"Aug 07, 2018",186.50,188.30,183.72,183.81,183.81,"33,398,600"
1146,"Aug 06, 2018",178.97,185.79,178.38,185.69,185.69,"49,716,200"
1147,"Aug 03, 2018",177.69,178.85,176.15,177.78,177.78,"24,763,400"
1148,"Aug 02, 2018",170.68,176.79,170.27,176.37,176.37,"32,400,000"
1149,"Aug 01, 2018",173.93,175.08,170.90,171.65,171.65,"34,042,100"
1150,"Jul 31, 2018",170.67,174.24,170.00,172.58,172.58,"40,356,500"
1151,"Jul 30, 2018",175.30,175.30,166.56,171.06,171.06,"65,280,800"
1152,"Jul 27, 2018",179.87,179.93,173.00,174.89,174.89,"60,073,700"
1153,"Jul 26, 2018",174.89,180.13,173.75,176.26,176.26,"169,803,700"
1154,"Jul 25, 2018",215.72,218.62,214.27,217.50,217.50,"58,954,200"
1155,"Jul 24, 2018",215.11,216.20,212.60,214.67,214.67,"28,468,700"
1156,"Jul 23, 2018",210.58,211.62,208.80,210.91,210.91,"16,732,000"
1157,"Jul 20, 2018",208.85,211.50,208.50,209.94,209.94,"16,163,900"
1158,"Jul 19, 2018",208.77,209.99,207.76,208.09,208.09,"11,350,400"
1159,"Jul 18, 2018",209.82,210.99,208.44,209.36,209.36,"15,334,900"
1160,"Jul 17, 2018",204.90,210.46,204.84,209.99,209.99,"15,349,900"
1161,"Jul 16, 2018",207.50,208.72,206.84,207.23,207.23,"11,078,200"
1162,"Jul 13, 2018",207.81,208.43,206.45,207.32,207.32,"11,486,800"
1163,"Jul 12, 2018",203.43,207.08,203.19,206.92,206.92,"15,454,700"
1164,"Jul 11, 2018",202.22,204.50,201.75,202.54,202.54,"12,927,400"
1165,"Jul 10, 2018",204.50,204.91,202.26,203.54,203.54,"13,190,100"
1166,"Jul 09, 2018",204.93,205.80,202.12,204.74,204.74,"18,149,400"
1167,"Jul 06, 2018",198.45,203.64,197.70,203.23,203.23,"19,740,100"
1168,"Jul 05, 2018",194.74,198.65,194.03,198.45,198.45,"19,684,200"
1169,"Jul 03, 2018",194.55,195.40,192.52,192.73,192.73,"13,489,500"
1170,"Jul 02, 2018",193.37,197.45,192.22,197.36,197.36,"13,961,600"
1171,"Jun 29, 2018",197.32,197.60,193.96,194.32,194.32,"15,811,600"
1172,"Jun 28, 2018",195.18,197.34,193.26,196.23,196.23,"18,172,400"
1173,"Jun 27, 2018",199.18,200.75,195.80,195.84,195.84,"18,734,400"
1174,"Jun 26, 2018",197.60,199.10,196.23,199.00,199.00,"17,897,600"
1175,"Jun 25, 2018",200.00,200.00,193.11,196.35,196.35,"25,275,100"
1176,"Jun 22, 2018",201.16,202.24,199.31,201.74,201.74,"17,420,200"
1177,"Jun 21, 2018",202.76,203.39,200.09,201.50,201.50,"19,045,700"
1178,"Jun 20, 2018",199.10,203.55,198.81,202.00,202.00,"28,230,900"
1179,"Jun 19, 2018",196.24,197.96,193.79,197.49,197.49,"19,994,000"
1180,"Jun 18, 2018",194.80,199.58,194.13,198.31,198.31,"16,826,000"
1181,"Jun 15, 2018",195.79,197.07,194.64,195.85,195.85,"21,860,900"
1182,"Jun 14, 2018",193.10,197.28,192.91,196.81,196.81,"19,120,900"
1183,"Jun 13, 2018",192.74,194.50,191.91,192.41,192.41,"15,853,800"
1184,"Jun 12, 2018",192.17,193.28,191.56,192.40,192.40,"11,562,700"
1185,"Jun 11, 2018",188.81,192.60,188.80,191.54,191.54,"12,928,900"
1186,"Jun 08, 2018",187.53,189.48,186.43,189.10,189.10,"12,677,100"
1187,"Jun 07, 2018",190.75,190.97,186.77,188.18,188.18,"21,503,200"
1188,"Jun 06, 2018",191.03,192.53,189.11,191.34,191.34,"22,558,900"
1189,"Jun 05, 2018",194.30,195.00,192.62,192.94,192.94,"15,544,300"
1190,"Jun 04, 2018",191.84,193.98,191.47,193.28,193.28,"18,939,800"
1191,"Jun 01, 2018",193.07,194.55,192.07,193.99,193.99,"17,307,200"
1192,"May 31, 2018",187.87,192.72,187.48,191.78,191.78,"30,782,600"
1193,"May 30, 2018",186.54,188.00,185.25,187.67,187.67,"13,736,900"
1194,"May 29, 2018",184.34,186.81,183.71,185.74,185.74,"16,398,900"
1195,"May 25, 2018",186.02,186.33,184.45,184.92,184.92,"10,965,100"
1196,"May 24, 2018",185.88,186.80,185.03,185.93,185.93,"12,354,700"
1197,"May 23, 2018",182.50,186.91,182.18,186.90,186.90,"16,628,100"
1198,"May 22, 2018",184.93,185.42,183.43,183.80,183.80,"12,731,400"
1199,"May 21, 2018",183.77,185.30,183.13,184.49,184.49,"13,532,900"
1200,"May 18, 2018",183.49,184.19,182.61,182.68,182.68,"13,130,500"
1201,"May 17, 2018",182.68,184.06,182.22,183.76,183.76,"14,840,700"
1202,"May 16, 2018",183.70,184.32,182.66,183.20,183.20,"16,975,500"
1203,"May 15, 2018",184.88,185.29,183.20,184.32,184.32,"15,429,400"
1204,"May 14, 2018",187.71,187.86,186.20,186.64,186.64,"15,646,700"
